English,Afrikaans
the,die 
not,nie 
I,ek 
is,is 
has,het 
you,jy 
a,'n
it,dit 
me,my 
and,en 
we,ons 
what,wat 
your,jou 
of,van 
in,in 
to,te 
he,hy 
for,vir 
his,sy 
but,maar 
go,gaan 
shall,sal 
can,kan 
about,om 
dish,dis 
so,so 
you,u 
with,met 
that,dat 
they,hulle 
as,as 
wash,was 
yes,ja 
come,kom 
must,moet 
now,nou 
here,hier 
there,daar 
on,op 
will,wil 
after,na 
him,hom 
know,weet 
her,haar 
on,aan 
be,wees 
only,net 
no,nee 
do,doen 
yet,nog 
well,goed 
then,dan 
how,hoe 
also,ook 
become,word 
youth,s 
see,sien 
you,julle 
late,laat 
bee,by 
every,al 
say,sê 
say,se 
very,baie 
this,hierdie 
as,soos 
make,maak 
think,dink 
or,of 
then,toe 
where,waar 
over,oor 
everything,alles 
one,een 
nothing,niks 
out,uit 
keep,hou 
stay,bly 
something,iets 
why,waarom 
who,wie 
more,meer 
would,sou 
gain,kry 
look,kyk 
good,goeie 
man,man 
thank you,dankie 
again,weer 
by,deur 
yet,tog 
talk,praat 
give,gee 
day,dag 
tell,vertel 
no,geen 
work,werk 
have,hê 
away,weg 
never,nooit 
well,wel 
everyone,almal 
right,reg 
could,kon 
people,mense 
life,lewe 
wait,wag 
always,altyd 
back,terug 
wanted to,wou 
death,dood 
sit,sit 
mother,ma 
that,daardie 
do not,moenie 
o,o 
said,gesê 
bit,bietjie 
other,ander 
together,saam 
pretty,mooi 
help,help 
may,mag 
ask,vra 
corpse,lyk 
before,voor 
majesty,majesteit 
time,tyd 
please,asseblief 
woman,vrou 
chin,ken 
to,tot 
God,god 
really,regtig 
somebody,iemand 
big,groot 
sure,seker 
take,neem 
two,twee 
because,want 
first,eers 
necessary,nodig 
child,kind 
off,af 
sorry,jammer 
perhaps,miskien 
hear,hoor 
better,beter 
start,begin 
done,gedoen 
sir,meneer 
else,anders 
year,jaar 
happen,gebeur 
saw,gesien 
understand,verstaan 
loose,los 
dad,pa 
try,probeer 
father,vader 
house,huis 
each,elke 
natural,natuurlik 
because,omdat 
had to,moes 
tall,lank 
Mr,mnr 
tomorrow,môre 
happy,gelukkig 
believe,glo 
quick,gou 
first,eerste 
human,mens 
alone,alleen 
children,kinders 
name,naam 
love,lief 
play,speel 
son,seun 
enough,genoeg 
nobody,niemand 
stand,staan 
thought,gedink 
without,sonder 
forget,vergeet 
bird,voel 
sleep,slaap 
listen,luister 
love,liefde 
even,selfs 
lord,heer 
small,klein 
wrong,verkeerd 
today,vandag 
mean,bedoel 
new,nuwe 
this,daarvan 
search,soek 
money,geld 
against,teen 
willing,graag 
why,hoekom 
stop,stop 
t,t 
self,self 
under,onder 
bring,bring 
oh,ag 
Dear,liewe 
eat,eet 
remember,onthou 
old,ou 
stop,keer 
had,gehad 
de,de 
find,vind 
place,plek 
country,land 
mother,moeder 
when,wanneer 
quiet,stil 
days,dae 
came,gekom 
Mom,mamma 
excuse,verskoon 
knew,geweet 
write,skryf 
sissi,sissi 
got,gekry 
meet,ontmoet 
read,lees 
drink,drink 
use,gebruik 
nice,lekker 
own,eie 
night,nag 
each other,mekaar 
room,kamer 
goodbye,totsiens 
file,leer 
happiness,geluk 
which,watter 
friend,vriend 
lose,verloor 
anna,anna 
pair,paar 
last,laaste 
whole,hele 
afraid,bang 
become,raak 
later,later 
fit,pas 
heart,hart 
all,alle 
alter,verander 
heard,gehoor 
maybe,dalk 
sing,sing 
world,wêreld 
made,gemaak 
following,volgende 
hope,hoop 
best,beste 
girl,meisie 
eyes,oë 
immediately,dadelik 
friends,vriende 
take,vat 
much,veel 
crazy,gek 
head,kop 
live,leef 
madame,madame 
me,me 
things,dinge 
became,geword 
ago,gelede 
go,loop 
any,enige 
daughter,dogter 
open,oop 
grandfather,oupa 
pay,betaal 
pick,haal 
marry,trou 
Lord,here 
mean,beteken 
lie,lê 
set,stel 
doctor,dokter 
show,wys 
far,ver 
visit,besoek 
same,dieselfde 
family,familie 
sell,verkoop 
for that,daarvoor 
three,drie 
should,behoort 
easy,maklik 
gibbs,gibbs 
case,saak 
sick,siek 
rather,liewer 
ready,gereed 
asked,gevra 
behind,agter 
home,huistoe 
bad,sleg 
Franz,franz 
about it,daaroor 
young,jong 
highness,hoogheid 
writing,geskryf 
hand,hand 
the,the 
finished,klaar 
Share,deel 
hands,hande 
grub,kos 
way,pad 
further,verder 
hour,uur 
women,vroue 
abandon,verlaat 
mention,noem 
dr,dr 
letter,brief 
sister,suster 
such,sulke 
ever,ooit 
war,oorlog 
pull,trek 
still,steeds 
between,tussen 
debt,skuld 
moss,mos 
past,verby 
found,gevind 
men,manne 
shark,haai 
boss,baas 
wear,dra 
rights,regte 
mine,myne 
a,a 
expect,verwag 
agent,agent 
earth,aarde 
laugh,lag 
king,koning 
case,geval 
only,enigste 
send,stuur 
water,water 
need,benodig 
difficult,moeilik 
already,reeds 
die,sterf 
with,daarmee 
lieutenant,luitenant 
Shovel,graaf 
tonight,vanaand 
brother,broer 
within,binne 
word,woord 
actually,eintlik 
daddy,pappa 
decision,besluit 
therefore,dus 
kind,gaaf 
voice,stem 
moment,oomblik 
emperor,keiser 
coffee,koffie 
idea,idee 
gave,gegee 
music,musiek 
follow,volg 
poor,arme 
wish,wens 
light,lig 
at,ten 
face,gesig 
therefore,daarom 
talked,gepraat 
fall,val 
Heidi,heidi 
ladies,dames 
care,sorg 
sun,son 
help,hulp 
martin,martin 
stupid,dom 
outside,buite 
honor,eer 
possible,moontlik 
bed,bed 
rely,vertrou 
prince,prins 
held,gehou 
busy,besig 
answer,antwoord 
von,von 
problem,probleem 
accept,aanvaar 
how much,hoeveel 
damn,verdomp 
welcome,welkom 
school,skool 
exactly,presies 
enjoy,geniet 
rest,rus 
call,bel 
fire,vuur 
men,mans 
girls,meisies 
weeks,weke 
near,naby 
buy,koop 
Empress,keiserin 
Mrs,mev 
once,eens 
funny,snaaks 
anne,anne 
week,week 
entire,heel 
ensure,verseker 
send,gestuur 
truth,waarheid 
went,gegaan 
mill,maal 
madam,mevrou 
just as well,sommer 
wonderful,wonderlik 
lady,dame 
yourself,jouself 
full,vol 
mcgee,mcgee 
please,asb 
painter,skilder 
groan,bemin 
move,beweeg 
have,he 
thing,ding 
reason,rede 
about it,daaraan 
return,terugkom 
proposal,voorstel 
that,sodat 
what for,waarvoor 
departure,vertrek 
aunt,tante 
reside,woon 
dance,dans 
you,you 
parents,ouers 
serious,ernstig 
hate,haat 
exist,bestaan 
proof,bewys 
myself,myself 
least,minste 
heavy,swaar 
schiller,schiller 
cry,huil 
brought,gebring 
tony,tony 
secret,geheim 
manner,manier 
Paris,parys 
gravin,gravin 
while,terwyl 
their,hul 
bad,slegte 
uncle,oom 
heaven,hemel 
movie,film 
mean,mee 
tired,moeg 
count,tel 
strong,sterk 
hoof,hoef 
promise,beloof 
above,bo 
nene,nene 
words,woorde 
angry,kwaad 
unfortunately,ongelukkig 
fight,veg 
careful,versigtig 
turn,draai 
Pride,trots 
minutes,minute 
hot,warm 
sounds,klink 
cease,ophou 
less,minder 
not,nê 
peter,peter 
often,dikwels 
of which,waarvan 
John,johannes 
though,asof 
per,per 
story,storie 
worked,gewerk 
grandmother,ouma 
hard,hard 
plan,plan 
though,darem 
princess,prinses 
fast,vas 
already,alreeds 
almost,amper 
himself,homself 
short,kort 
completely,heeltemal 
old,oud 
row,ry 
worried,bekommerd 
save,red 
impossible,onmoontlik 
according to,volgens 
wonder,wonder 
baby,baba 
restful,rustig 
air,lug 
apparent,duidelik 
Marie,marie 
city,stad 
yours,joune 
ziva,ziva 
months,maande 
hello,hello 
four,vier 
forgive,vergewe 
long,lang 
receive,ontvang 
married,getroud 
years,jare 
faith,geloof 
French,franse 
marriage,huwelik 
feeling,gevoel 
general,generaal 
travel,reis 
both,albei 
order,bevel 
free,vry 
Albert,albert 
wine,wyn 
ing,inger 
russians,russe 
solk,birkut 
major,majoor 
realize,besef 
nearly,byna 
pretty,pragtige 
ben,ben 
learn,geleer 
was,gewees 
stab,steek 
not at all,gladnie 
dream,droom 
earn,verdien 
quickly,vinnig 
flowers,blomme 
kill,doodmaak 
once,eenmaal 
bush,bos 
lot,klomp 
break,breek 
comrade,kameraad 
total,totaal 
beautiful,pragtig 
leopold,leopold 
about,omtrent 
error,fout 
certainly,sekerlik 
news,nuus 
explain,verduidelik 
rich,ryk 
anything,enigiets 
swear,sweer 
danger,gevaar 
month,maand 
don,don 
joke,grap 
acknowledge,erken 
doctor,doktor 
call,roep 
sad,treurig 
everywhere,oral 
thanks,dank 
dress,rok 
dinozzo,dinozzo 
captain,kaptein 
German,duitse 
ache,pyn 
colonel,kolonel 
end,einde 
red,rooi 
vory,wenen 
reach,bereik 
gilles,gilles 
pleasure,plesier 
miss,mis 
charlotte,charlotte 
hair,hare 
hit,slaan 
building,gebou 
recognize,herken 
love,liefhet 
rather,nogal 
choose,kies 
farm,plaas 
at home,tuis 
France,frankryk 
the,dié 
head,hoof 
branch,frank 
since,sedert 
rembrandt,rembrandt 
order,orde 
along,langs 
evening,aand 
protect,beskerm 
health,gesondheid 
step,stap 
window,venster 
joy,vreugde 
deer,deer 
chabert,chabert 
smile,glimlag 
what,watse 
thereafter,daarna 
devil,duiwel 
healthy,gesond 
spell,spel 
lace,kant 
peace,vrede 
director,direkteur 
awake,wakker 
dog,hond 
disappear,verdwyn 
silence,stilte 
court,hof 
blood,bloed 
type,soort 
Jan,jan 
Mathieu,mathieu 
everybody,elkeen 
clean,skoon 
throw,gooi 
before,voordat 
named,genoem 
rubbish,gemors 
continue,aangaan 
crease,komaan 
yesterday,gister 
important,belangrik 
ahead,voort 
shoot,skiet 
sign,teken 
table,tafel 
lead,lei 
few,min 
aunt,tant 
in love,verlief 
sea,see 
George,george 
beer,bier 
ciske,ciske 
promise,belowe 
so many,soveel 
monster,monsieur 
round,rond 
state,staat 
books,boeke 
what,waaroor 
safe,veilig 
lots,lotte 
book,boek 
elected,verkies 
Austria,oostenryk 
hitler,hitler 
future,toekoms 
kiss,soen 
understand,begryp 
then,siedler 
five,vyf 
Sophie,sophie 
lawyer,prokureur 
wall,muur 
master,meester 
really,werklik 
prison,tronk 
sometimes,soms 
taken,geneem 
nelly,nelly 
each,elk 
read,gelees 
crazy,mal 
Klara,klara 
duke,hertog 
English,engelse 
oh,oh 
guests,gaste 
keith,keith 
question,vraag 
milk,melk 
pressure,druk 
germain,germain 
queen,koningin 
gear,heen 
caroline,caroline 
class,klas 
bad,erg 
usually,gewoonlik 
stalingrad,stalingrad 
up to it,daarop 
madam,madam 
catch,vang 
fear,vrees 
worse,erger 
searched,gesoek 
nation,volk 
hello,hallo 
ground,grond 
slaughter,vermoor 
past,verlede 
horse,perd 
freedom,vryheid 
hours,ure 
both,beide 
fly,vlieg 
here,hiernatoe 
thank,bedank 
win,wen 
IT,it 
mommy,mammie 
gentlemen,menere 
body,liggaam 
chance,kans 
bratek,bratek 
dead,dooie 
meal,ete 
order,beveel 
six,ses 
i,i 
cold,koud 
Johan,johan 
plan,beplan 
lost,verlore 
Germany,duitsland 
arm,arm 
worth,werd 
born,gebore 
die,doodgaan 
attack,aanval 
attention,aandag 
especially,veral 
forgive,vergeef 
Flanders,vlaandere 
purpose,doel 
alceste,alceste 
dark,donker 
Golden,goue 
young,jonk 
special,spesiale 
problems,probleme 
ruyter,ruyter 
weak,swak 
questions,vrae 
build,bou 
Jesus,jesus 
suffer,ly 
rest,res 
sore,seer 
fight,geveg 
knock,klop 
apartment,woonstel 
ncis,ncis 
party,party 
flight,vlug 
finally,eindelik 
teacher,onderwyser 
faster,vinniger 
breath,asem 
impact,slag 
hungry,honger 
bear,verdra 
pack,pak 
love,liefie 
smart,slim 
max,max 
poppy,papa 
tomorrow,more 
consequence,gevolg 
to,to 
sand,sand 
speak,spreek 
minister,minister 
police,polisie 
price,prys 
town,dorp 
significance,belang 
example,voorbeeld 
Anton,anton 
hell,hel 
right,regkom 
really,juis 
killed,gedood 
Marianne,marianne 
ship,skip 
excuse,verskoning 
hang,hang 
surprise,verrassing 
bravo,bravo 
slow,stadig 
tweak,twak 
facing,teenoor 
where to,waarheen 
garden,tuin 
go with,saamgaan 
broken,gebreek 
calm,kalmeer 
treat,behandel 
piece,stuk 
Evening,naand 
played,gespeel 
single,enkele 
train,trein 
simply,eenvoudig 
situation,situasie 
ball,bal 
Hungary,hongarye 
one day,eendag 
mouth,mond 
except,behalwe 
hat,hoed 
roll,rol 
everything,als 
message,boodskap 
again,alweer 
discover,ontdek 
equal,gelyk 
idiot,idioot 
approach,nader 
eboshi,eboshi 
strange,vreemd 
suddenly,skielik 
secrets,geheime 
therein,daarin 
Lisa,lisa 
biggest,grootste 
lovely,lieflike 
abby,abby 
ter,ter 
white,wit 
called,gebel 
wind,wind 
assignment,opdrag 
climb,klim 
lock,sluit 
file,leër 
difficulty,moeite 
black,swart 
bag,tas 
marquis,markies 
find out,uitvind 
business,sake 
burn,brand 
Ivan,ivan 
soul,siel 
most,meeste 
miss,mej 
defend,verdedig 
mail,pos 
longer,langer 
leave,weggaan 
merry,vrolik 
damn,verdomde 
and,and 
accident,ongeluk 
number,nommer 
usual,gewone 
festival,fees 
person,persoon 
castle,kasteel 
earlier,vroeër 
tea,tee 
grab,gryp 
point,punt 
force,krag 
probably,waarskynlik 
early,vroeg 
bury,begrawe 
smell,ruik 
berlin,berlyn 
mind,verstand 
run,hardloop 
address,adres 
bigger,groter 
history,geskiedenis 
aurore,aurore 
hereof,hiervan 
boy,seuns 
revert,teruggaan 
morange,morange 
slept,geslaap 
hospital,hospitaal 
high,hoog 
saint,heilige 
deep,diep 
grave,graf 
Woods,woud 
eventually,uiteindelik 
mick,mikkel 
chopin,chopin 
artists,kunstenaars 
hunt,jag 
beg,smeek 
cis,cis 
herr,herr 
vera,vera 
arms,arms 
weimar,weimar 
avoid,vermy 
pray,bid 
put,gesit 
convince,oortuig 
Russian,russiese 
trouble,moeilikheid 
Henrik,henrik 
duration,duur 
contact,kontak 
doubt,twyfel 
photo,foto 
Karin,karin 
request,versoek 
feed,voer 
platform,platform 
pérol,pérol 
True,ware 
offer,bied 
admiral,admiraal 
professor,professor 
forward,vorentoe 
service,diens 
refuse,weier 
names,name 
definitely,beslis 
confirm,bevestig 
engaged,verloof 
material,materiaal 
front,front 
grateful,dankbaar 
discuss,bespreek 
perfect,perfek 
strange,vreemde 
back,rug 
remove,verwyder 
stayed,gebly 
bright,helder 
m,m 
stolen,gesteel 
beauty,skoonheid 
form,vorm 
sentence,sin 
street,straat 
hasty,haastig 
soldiers,soldate 
Courage,moed 
market,mark 
investigation,ondersoek 
car,kar 
million,miljoen 
wells,wells 
blue,blou 
fate,lot 
passage,gang 
ring,ring 
third,derde 
army,weermag 
baron,baron 
torgny,torgny 
shame,skande 
liver,lewer 
heart,harte 
formerly,voorheen 
invite,nooi 
talent,talent 
moment,moment 
content,tevrede 
separate,skei 
punishment,straf 
gas,gas 
appointment,afspraak 
paintings,skilderye 
murder,moord 
leader,leier 
animals,diere 
dangerous,gevaarlik 
while,rukkie 
mercy,genade 
caught,gevang 
lollo,lollo 
human,menslike 
champagne,sjampanje 
eternal,ewige 
state,toestand 
disease,siekte 
team,span 
maman,maman 
knowledge,kennis 
sara,sara 
cheerful,vrolike 
left,gelos 
terrible,verskriklik 
trees,bome 
smoke,rook 
survive,oorleef 
lady,lady 
birth,geboorte 
rat,rot 
right,regs 
these days,deesdae 
regard,beskou 
success,sukses 
eternal,ewig 
iron,yster 
ok,ok 
around,rondom 
position,posisie 
gift,geskenk 
deceased,oorlede 
explosion,ontploffing 
cut,sny 
clothing,klere 
lesson,les 
allow,toelaat 
helped,gehelp 
girls,dogters 
swim,swem 
neither,nevers 
letters,briewe 
won,gewen 
turn,beurt 
sail,vaar 
derville,derville 
down,neer 
watch,horlosie 
touched,geraak 
last night,gisteraand 
insult,beledig 
disturb,steur 
most,mees 
ashamed,skaam 
until,totdat 
be,be 
enemy,vyand 
fleet,vloot 
familiar,bekend 
bomb,bom 
Michiel,michiel 
Sweden,swede 
behave,gedra 
suicide,selfmoord 
season,seisoen 
amaze,verbaas 
due to,weens 
arms,wapens 
age,ouderdom 
commands,bevele 
knew,geken 
full,volle 
sergeant,sersant 
andrassy,andrassy 
visit,kuier 
soldier,soldaat 
various,verskeie 
carriage,koets 
step,tree 
soft,sagte 
song,lied 
polite,beleef 
comrades,kamerade 
control,beheer 
miss,verlang 
although,alhoewel 
pope,pous 
middle,middel 
gaudinier,gaudinier 
here,hierheen 
choice,keuse 
newspaper,koerant 
normal,normaal 
Dreyman,dreyman 
load,laai 
regret,spyt 
cold,koue 
cause,veroorsaak 
fresh,vars 
declare,verklaar 
office,kantoor 
after,nadat 
renaud,renaud 
Charles,charles 
saved,gered 
summer,somer 
arrange,reël 
outstanding,uitstekend 
return,terugkeer 
clean,skone 
dare,durf 
relationship,verhouding 
san,san 
military,militêre 
end,eindig 
treasure,skat 
killer,moordenaar 
more beautiful,mooier 
with what,waarmee 
as long as,solank 
honest,eerlik 
judge,oordeel 
young man,jongman 
law,wet 
glass,glas 
hotel,hotel 
straight,reguit 
now that,noudat 
left,links 
renée,renée 
Sülzheimer,sülzheimer 
art,kuns 
wrong,verkeerde 
German,duits 
chosen,gekies 
allowed,toegelaat 
surprise,verras 
test,toets 
feet,voete 
unbelievable,ongelooflik 
Rare,skaars 
giishecke,giesecke 
fritz,fritz 
craemer,kraemer 
greet,groet 
ing,inkom 
DDR,ddr 
dirty,vuil 
struggle,stryd 
sigismund,sigismund 
kitchen,kombuis 
wonderful,wonderlike 
task,taak 
intelligence,inligting 
noticed,opgemerk 
fuhrer,fuhrer 
imagine,verbeel 
la,la 
most beautiful,mooiste 
mountains,berge 
second,tweede 
track,spoor 
spoil,bederf 
knight,ridder 
Johnny,johnny 
spill,mors 
Ashitaka,ashitaka 
involved,betrokke 
sometimes,partymaal 
scene,toneel 
marco,marco 
gift,gawe 
shout,skree 
open,oopmaak 
taken,gevat 
list,lys 
delicious,heerlik 
beware,pasop 
even,even 
minute,minuut 
TV,tv 
parsa,parsa 
nest,nes 
cannons,kanonne 
noon,middag 
elisabeth,elisabeth 
missed,gemis 
d,d 
trump,tromp 
note,let 
some,sommige 
phone,foon 
bread,brood 
Duchess,hertogin 
transmit,gelei 
thousands,duisende 
respect,respek 
arrive,aankom 
anger,woede 
bus,bus 
jealous,jaloers 
Jews,jode 
ISCHL,ischl 
repeat,her 
crayon,krypton 
poles,pole 
pyramid,piramide 
pleasant,aangenaam 
possess,besit 
nature,natuur 
safety,veiligheid 
cute,oulik 
revenge,wraak 
study,studeer 
lie,lieg 
claims,eisenstein 
extend,verskuif 
trial,verhoor 
guilty,skuldig 
spirit,gees 
eye,oog 
nose,neus 
rid,ontslae 
shoes,skoene 
alive,lewendig 
handle,hanteer 
ferraud,ferraud 
confused,deurmekaar 
winter,winter 
responsible,verantwoordelik 
spring,lente 
Helene,helene 
dare,waag 
workers,werkers 
heal,genees 
satan,satan 
exercise,oefen 
swear,vloek 
mateusz,mateusz 
just like,netsoos 
amen,amen 
for,for 
used to,gewoond 
pigs,varke 
tosia,tosia 
times,tye 
foot,voet 
extra,ekstra 
claim,beweer 
mcbride,mcbride 
that,that 
open,open 
bought,gekoop 
map,kaart 
somewhere,êrens 
maxence,maxence 
hole,gat 
serve,dien 
lazlo,lazlo 
monkey,aap 
again,we 
secretary,sekretaris 
rent,huur 
group,groep 
rats,rotte 
mike,mike 
together,bymekaar 
punished,gestraf 
fish,vis 
suffering,lyding 
monster,monster 
boyfriend,kêrel 
noble,edele 
from,vandaan 
measurement,maat 
ten,tien 
escape,ontsnap 
stupid,onnosel 
good day,goeiedag 
cheat,bedrieg 
theater,teater 
brought,saamgebring 
elixer,elikser 
admire,bewonder 
believed,geglo 
hull,dop 
create,skep 
thanks to,danksy 
half,half 
officer,offisier 
prepare,voorberei 
damage,skade 
zod,zod 
Hungarian,hongaarse 
boy,seuntjie 
dog,honde 
suggested,voorgestel 
language,taal 
horses,perde 
bit,stukkie 
shine,skyn 
pest,pes 
only,slegs 
previous,vorige 
management,bestuur 
happy,gelukkige 
border,grens 
Theo,theo 
end,beland 
warn,waarsku 
dominique,dominique 
wonders,wonders 
Alfred,alfred 
Christ,christus 
evil,bose 
repair,herstel 
duty,plig 
violin,viool 
farewell,afskeid 
offer,aanbied 
affair,besigheid 
bones,bene 
favor,guns 
wedding,troue 
west,weste 
suppose,gestel 
anyone,enigeen 
choir,koor 
beloved,geliefde 
ida,ida 
victor,victor 
important,belangrike 
enter,ingaan 
florine,floryne 
neck,nek 
remind,herinner 
about this,hieroor 
witnesses,getuies 
neighborhood,buurt 
factotum,faktotum 
while,tydens 
at ease,gerus 
borin,borin 
preserve,bewaar 
little one,kleintjie 
soft,sag 
board,boord 
line,line 
hurray,hoera 
fake,valse 
faithful,getrou 
career,loopbaan 
growth,groei 
end,end 
bother,pla 
maid,bediende 
invited,uitgenooi 
manners,maniere 
increase,verhoog 
destroy,vernietig 
get away,wegkom 
Freimuth,freimuth 
what,waaraan 
total,totale 
nozzle,adelheid 
close,gesluit 
roof,dak 
hut,huta 
rachin,rachin 
head attendant,hoofkelner 
now,nowa 
fortune,fortuin 
rules,reëls 
wait,gewag 
floor,vloer 
had,had 
seconds,sekondes 
personal,persoonlik 
entertainment,vermaak 
lived,geleef 
agreement,ooreenkoms 
hauser,hauser 
cross,kruis 
ABBS,abbs 
repeat,herhaal 
de,de 
accomplish,vervul 
died,gesterf 
care,omgee 
interesting,interessant 
dear,dierbare 
during,gedurende 
nowhere,nêrens 
lagardère,lagardère 
georges,georges 
barbara,barbara 
appear,verskyn 
gonzague,gonzague 
suspect,vermoed 
Wimschneider,wimschneider 
invited,genooi 
will,wille 
hard,harde 
thereafter,hierna 
roses,rose 
French,frans 
victim,slagoffer 
feelings,gevoelens 
arise,ontstaan 
fright,skrik 
sisters,susters 
prohibit,verbied 
birds,voëls 
line,lyn 
weapon,wapen 
government,regering 
suppose,veronderstel 
half,helfte 
leave,verlof 
article,artikel 
houses,huise 
coat,jas 
station,stasie 
cook,kook 
take away,wegneem 
baptists,baptiste 
current,stroom 
key,sleutel 
church,kerk 
betray,verraai 
deny,ontken 
Witt,witt 
mr,mr 
herewith,hiermee 
come out,uitkom 
beulwitz,beulwitz 
funny,snaakse 
David,dawid 
rain,reën 
advantage,voordeel 
sweetest,liefste 
novel,roman 
set,bepaal 
not,nè 
report,verslag 
vincent,vincent 
Good evening,goeienaand 
fun,pret 
mendz,mendez 
circumstances,omstandighede 
confidence,vertroue 
calm,kalm 
worst,ergste 
guys,ouens 
return,teruggekom 
Darling,liefling 
count,reken 
discharge,ontslaan 
loved,liefgehad 
telephone,telefoon 
cellar,kelder 
reject,verwerp 
exit,uitgaan 
codeex,codex 
pepinot,pepinot 
anjah,anja 
guards,wagte 
praise,lof 
café,kafee 
computer,rekenaar 
bag,sak 
apprehensive,bevrees 
excited,opgewonde 
called,geroep 
troops,troepe 
spend,spandeer 
victory,oorwinning 
farewell,vaarwel 
authorize,magtig 
softly,saggies 
east,ooste 
continue,aanhou 
account,rekening 
drink,gedrink 
wherein,waarin 
as soon as,sodra 
English,engels 
free,vrye 
young people,jongmense 
on which,waarop 
mountain,berg 
appreciate,waardeer 
dead,dooies 
jump,spring 
burden,las 
remorse,berou 
wise,wisse 
devastate,verwoes 
desk,lessenaar 
drove,gery 
prosperity,voorspoed 
responsibility,verantwoordelikheid 
artist,kunstenaar 
girolamo,girolamo 
thirst,dors 
rooms,kamers 
welcomed,verwelkom 
friend,vriendin 
friendship,vriendskap 
yet,dog 
rot,vrot 
Wayne,wayne 
polar,poolse 
relax,ontspan 
Russia,rusland 
bite,byt 
plans,planne 
Lengefeld,lengefeld 
stars,sterre 
Clark,clark 
reception,onthaal 
urgent,dringend 
mark,merk 
barons,barones 
di,di 
steal,steel 
unfortunately,helaas 
attacks,aanvalle 
obey,gehoorsaam 
proceed,voortgaan 
crawl,kruip 
mallefille,mallefille 
leg,been 
titus,titus 
hoped,gehoop 
respect,respekteer 
béthune,béthune 
rijn,rijn 
bridge,brug 
Friedrich,friedrich 
mistakes,foute 
Cityline,cityline 
regent,regent 
seven,sewe 
describe,beskryf 
mankind,mensdom 
property,eiendom 
absolutely,absoluut 
blind,blind 
whore,hoër 
serve,bedien 
exercise,oefening 
corner,hoek 
shot,geskiet 
there,soontoe 
concerned,besorg 
birthday,verjaardag 
where,waarnatoe 
holland,holland 
boat,boot 
dollar,dollar 
hot,heet 
paper,papier 
yourself,uself 
crime,misdaad 
on,tolik 
silver,silwer 
bank,bank 
#VALUE!,#VALUE!
imperial,keiserlike 
public,openbaar 
Adina,adina 
something,soiets 
strict,streng 
village,dorpie 
creator,skepper 
complain,kla 
wagon,wa 
holiday,vakansie 
university,universiteit 
layers,lae 
Mary,maria 
violence,geweld 
der,der 
angel,engel 
before,tevore 
concern,betref 
certain,sekere 
upset,ontsteld 
rössl,rössl 
outstanding,uitstekende 
sin,sonde 
also,ookal 
opportunity,geleentheid 
klärchen,klärchen 
doctors,dokters 
evil,böse 
Paul,paul 
promise,belofte 
manager,bestuurder 
left,gelaat 
family,gesin 
walked,geloop 
glad,verheug 
burst,bars 
wishes,wense 
engagement,verlowing 
stopped,gestop 
pine,den 
at least,minstens 
cousin,niggie 
David,david 
tone,toon 
have,have 
taste,smaak 
this morning,vanoggend 
homeland,vaderland 
free,gratis 
cause,oorsaak 
heavenly,hemelse 
substance,stof 
Josepha,josepha 
Claire,claire 
louis,louis 
territory,gebied 
cat,kat 
politics,politiek 
pinch,knyp 
meat,vleis 
last,laas 
harder,harder 
ludovika,ludovika 
divorce,egskeiding 
ears,ore 
where after,waarna 
breakfast,ontbyt 
eggs,eiers 
heat,hitte 
afford,bekostig 
fuhrmann,fuhrmann 
vent,vent 
marv,marv 
hebner,hebner 
immediately,onmiddelik 
kissed,gesoen 
boring,vervelig 
no,no 
perfect,perfekte 
marguerite,marguerite 
please.,asb. 
on time,betyds 
push,stoot 
teeth,tande 
new,nuut 
link,skakel 
how,hoedat 
enemies,vyande 
painted,geskilder 
poland,poland 
talk,gesprek 
Jew,jood 
Adolf,adolf 
clean,skoonmaak 
little girl,dogtertjie 
cal,kal 
flower,blom 
final,finaal 
civilization,beskawing 
good morning,goeiemôre 
countryside,platteland 
how,hoë 
easier,makliker 
long ago,lankal 
ridiculous,belaglik 
laid,gelê 
meter,meter 
axel,axel 
borrow,leen 
Olivier,olivier 
lie,le 
culprit,skuldige 
elsewhere,elders 
delicious,heerlike 
Bavaria,bavaria 
colleague,kollega 
plague,plaag 
just like that,netso 
Olga,olga 
green,groen 
philinte,philinte 
personal,persoonlike 
orange,oranje 
Georg,georg 
bluebeared,bloubaard 
also,daarby 
fight,baklei 
for this,hiervoor 
rough,rof 
sponsorensgaard,borgensgaard 
operation,operasie 
Borgen,borgen 
upset,ontstel 
so far,sover 
rule,regeer 
river,rivier 
st,st 
real,egte 
powerful,magtige 
eight,agt 
she,she 
proof,bewyse 
difference,verskil 
bind,verbind 
comfort,troos 
Weissen,weissen 
just,netnou 
morning,oggend 
sad,treurige 
stir,roer 
title,titel 
coerce,forseer 
unless,tensy 
signed,geteken 
blank,leeg 
achieved,regkry 
president,president 
palace,paleis 
Joseph,joseph 
Germans,duitsers 
training,opleiding 
US,vsa 
firefighter,brandmeier 
humiliate,verneder 
beware,oppas 
royal,koninklike 
performance,optrede 
hurt,seermaak 
photos,fotos 
buggy,buggy 
Dalberg,dalberg 
endure,verduur 
stronger,sterker 
chairman,voorsitter 
rob,beroof 
wolves,wolwe 
pierre,pierre 
rie,rie 
lives,lewens 
pass,slaag 
tomorrow morning,môreoggend 
reasons,redes 
jena,jena 
witness,getuie 
since,vandat 
plants,plante 
ludwig,ludwig 
on,on 
finish,voltooi 
looked,gekyk 
lane,lane 
interrupt,onderbreek 
writer,skrywer 
value,waarde 
type,tipe 
bride,bruid 
widow,weduwee 
ships,skepe 
recently,onlangs 
thousand,duisend 
brave,dapper 
donate,skenk 
deed,daad 
belong,hoort 
stella,stella 
against,daarteen 
segerstedt,segerstedt 
mouthain,mondain 
risk,risiko 
jans,jans 
salvation,heil 
Warsaw,warskou 
Clement,clement 
difficult,moeilike 
regions,streke 
factory,fabriek 
lovely,lieflik 
agents,agente 
chase,jaag 
teacher,juffrou 
lazy,lui 
en,ene 
complete,volkome 
nine,nege 
child,kindjie 
most important,belangrikste 
drink,drankie 
staff,personeel 
crown,kroon 
bare,kaal 
identity,identiteit 
domestic,binnelandse 
dreams,drome 
hurry,haas 
lied,gelieg 
England,engeland 
require,vereis 
unjust,onreg 
company,geselskap 
adele,adele 
past,afgelope 
forbidden,verbode 
something,so-iets 
Bennie-Boy,bennie-boy 
construction,bouwerk 
precious,dierbaar 
ammunition,ammunisie 
Council,raad 
exchange,ruil 
shatter,verpletter 
To school,skooltoe 
must,must 
#VALUE!,#VALUE!
countries,lande 
organized,gereël 
stopped,opgehou 
October,oktober 
ser,sir 
bored,verveeld 
favorite,gunsteling 
humpback,boggelrug 
translation,vertaling 
snow,sneeu 
gracious,genadig 
mean,gemeen 
surround,omring 
Guardian,guardian 
shout,skreeu 
Thursday,donderdag 
direct,direk 
euh,euh 
blame,blameer 
collect,versamel 
cousin,neef 
owner,eienaar 
killed,doodgemaak 
desire,begeer 
camera,kamera 
stories,stories 
portrait,portret 
deck,dek 
film,films 
north,noorde 
documents,dokumente 
wet,nat 
wolf,wolf 
kingdom,koninkryk 
oath,eed 
contract,kontrak 
taia,taia 
defraud,bedreig 
places,plekke 
knees,knieë 
free,verniet 
smooth,glad 
half,halwe 
claim,eis 
America,amerika 
highest,hoogste 
wisdom,wysheid 
ahead,vooruit 
face,aangesig 
simple,eenvoudige 
sung,gesing 
testimony,getuienis 
field,veld 
matter,makeer 
target,teiken 
chess,skaak 
antoine,antoine 
impress,beïndruk 
farmer,boer 
state security,staatsveiligheid 
shift,skof 
Maya,maja 
much,veels 
pustic,pustë 
compare,vergelyk 
memory,geheue 
bon,bon 
painting,skildery 
nightly,snags 
file,lëer 
honor,vereer 
canada,kanada 
Paul,paulus 
Lane,baan 
ghost,spook 
backboard,bakboord 
FBI,fbi 
boltin,boutin 
famous,beroemde 
lights,ligte 
disaster,ramp 
youth,jeug 
on the way,onderweg 
chazes,chazes 
move,skuif 
bet,wed 
all,all 
gauthier,gauthier 
shall,shall 
security,sekuriteit 
society,samelewing 
honorable,eerbare 
actors,akteurs 
on behalf of,namens 
pass,verloop 
orphanage,weeshuis 
opposite,oorkant 
spain,spanje 
change,verandering 
oil,olie 
furious,woedend 
cavalier,kavalier 
letters,letters 
take out,uithaal 
younger,jonger 
Excellency,eksellensie 
occoto,okkoto 
bricks,stene 
conscious,bewus 
urges,dring 
motor,motor 
conquer,verower 
wild,wilde 
bath,bad 
available,beskikbaar 
tailor,kleremaker 
hired,gehuur 
cook,kok 
conceal,verberg 
telegraph,telegrafeer 
reasonable,redelik 
White,witek 
for example,byvoorbeeld 
relieved,verlig 
amnesty,amnestie 
reaction,reaksie 
unfair,onregverdig 
Giants,reuse 
take,saamneem 
elder,ouer 
backward,agteruit 
American,amerikaanse 
color,kleur 
palmer,palmer 
somewhere,iewers 
stood,gestaan 
sync,sync 
mock,spot 
cute,oulike 
sausage,wors 
radio,radio 
suffered,gely 
thereby,daardeur 
principal,skoolhoof 
Rudolstadt,rudolstadt 
care for,versorg 
reward,beloning 
Francesca,francesca 
warning,waarskuwing 
ourselves,onsself 
dorus,dorus 
cupboard,kas 
dreamed,gedroom 
Italy,italië 
answered,geantwoord 
astray,verdwaal 
solution,oplossing 
weakness,swakheid 
on top,bokant 
face,aandoen 
your,your 
political,politieke 
perform,optree 
ballore,baltimore 
Gates,hekke 
deputy,onderoffisier 
supervision,toesig 
research,navorsing 
worry,bekommer 
whore,hoer 
mortgage,verband 
sword,swaard 
Europe,europa 
cheap,goedkoop 
veins,are 
batthyani,batthyani 
desire,begeerte 
posto,nago 
ll,ll 
paddy,pappatjie 
moro,moro 
demon,demoon 
pastor,pastoor 
bicycle,fiets 
now,now 
Uylenburgh,uylenburgh 
with,with 
say,say 
animal,dier 
good,goethe 
solidatity,solidatiteit 
insult,belediging 
set up,opgestel 
sofia,sofia 
useless,nutteloos 
will,will 
tremendous,geweldige 
seal,rob 
dictionary,woordeboek 
achieve,gehaal 
distance,afstand 
dress,aantrek 
nerves,senuwees 
via,via 
patience,geduld 
el,el 
disturb,versteur 
arrived,aangekom 
unknown,onbekende 
however,egter 
innocent,onskuldige 
dare,daag 
shelter,skuiling 
close,toemaak 
oldest,oudste 
pardon,pardon 
member,lid 
roads,paaie 
innocent,onskuldig 
design,ontwerp 
code,kode 
space,ruimte 
private,private 
tribe,stam 
island,eiland 
protection,beskerming 
boyfriends,kêrels 
represent,verteenwoordig 
thoughts,gedagtes 
surround,omsingel 
see,aanskou 
bend,buig 
save,spaar 
fled,gevlug 
jail,tronktoe 
ha,ha 
watch,dophou 
tree,boom 
tracks,spore 
drown,verdrink 
episode,episode 
stink,stink 
many,vele 
lion,leeu 
cell,sel 
thought,gedagte 
aircraft,vliegtuig 
there,daarheen 
interrogation,ondervraging 
weak,flou 
gogh,gogh 
informed,ingelig 
Christmas,kersfees 
jerska,jerska 
prepared,bereid 
tie,das 
action,aksie 
wiesler,wiesler 
Christa,christa 
refused,geweier 
ate,ge-eet 
tense,gespanne 
philippe,philippe 
Qélus,qélus 
Henri,henri 
step,trap 
audition,oudiënsie 
mask,masker 
wound,wond 
tanks,tenks 
lute,luit-kol 
bags,sakke 
do,do 
marguerit,margueritte 
thanks,danke 
soup,sop 
soul,sieland 
sound,klank 
sorrow,smart 
frau,frau 
Mathias,mathias 
Sunday,sondag 
finish,klaarmaak 
current,huidige 
breathe,asemhaal 
modest,beskeie 
madams,madamme 
coast,kus 
atmosphere,atmosfeer 
base,basis 
millions,miljoene 
drag,sleep 
calmness,kalmte 
further,verdere 
halt,halt 
nemorino,nemorino 
fame,roem 
mix,meng 
right,regterhand 
idiots,idiote 
Wilhelm,wilhelm 
faust,faust 
Egypt,egipte 
gretchen,gretchen 
company,maatskappy 
pupils,leerlinge 
confess,bely 
commander,bevelvoerder 
gate,hek 
heard,verneem 
grip,vashou 
hide,wegkruip 
suspend,ophang 
provisional,voorlopig 
hopeless,hopeloos 
chat,gesels 
take,inneem 
effect,effek 
cry,gehuil 
fingers,vingers 
farmers,boere 
poem,gedig 
daddy,pappie 
through,dwarsdeur 
brothers,broers 
mouth,bek 
all day,heeldag 
progress,vorder 
cheese,kaas 
cost,koste 
clock,klok 
airport,vliegveld 
environment,omgewing 
yusef,yusef 
vodka,vodka 
commit,pleeg 
leeks,preie 
molière,molière 
Tim,tim 
agnes,agnes 
navy,navy 
precaution,vance 
Saturday,saterdag 
delilah,delilah 
pension,pensioen 
Iran,iran 
poet,digter 
opinion,opinie 
morten,morten 
attack,toeval 
detained,aangehou 
slightly,effens 
warned,gewaarsku 
francine,francine 
pope,poussin 
national,nasionale 
dr.,dr. 
station,stasi 
poor,armes 
bless,sëen 
position,stand 
bladder,blaas 
shit,stront 
gold,goud 
stairs,trappe 
indeed,voorwaar 
rank,rang 
course,kursus 
despise,verafsku 
cities,stede 
fight,beveg 
painters,skilders 
fiancée,verloofde 
press,pers 
more important,belangriker 
meantime,intussen 
May,mei 
sheep,skape 
socialism,sosialisme 
access,toegang 
tears,trane 
monkeys,ape 
shears,schepen 
bat,vlermuis 
st.,st. 
jewels,juwele 
dam,dambodem 
still,nogtans 
wagard,toemaar 
thick,dik 
Afghanistan,afghanistan 
twin,tweeling 
education,opvoeding 
curious,nuuskierig 
sly,skelm 
decay,verval 
friendly,vriendelik 
height,hoogte 
tour,toer 
extraordinary,buitengewoon 
cheater,bedrieër 
sympathy,simpatie 
painful,pynlik 
bear,beer 
improve,verbeter 
strength,sterkte 
Tuesday,dinsdag 
consequences,gevolge 
goat,bok 
knife,mes 
Konowsky,konowsky 
böckl,böckl 
file,lêer 
public,openbare 
swore,gesweer 
one side,eenkant 
accidental,toevallig 
skin,vel 
dirty,vies 
chase away,wegjaag 
hundreds,honderde 
orchestra,orkes 
regularly,gereeld 
kees,kees 
darkness,duisternis 
undress,uittrek 
come,come 
direction,rigting 
spouse,eggenoot 
Jerome,jerome 
agreed,ooreengekom 
tragedy,tragedie 
frank,franks 
fraud,bedrog 
dinner,dinee 
midnight,middernag 
brave,braaf 
Leon,leon 
overcome,oorkom 
discovered,uitgevind 
upright,regop 
saved,gespaar 
happenings,gebeure 
trade,handel 
absurd,absurd 
ducky,ducky 
Thomas,thomas 
call,oproep 
brain,brein 
commit,begaan 
worship,aanbid 
act,toneelspel 
single,enkel 
châtillon,châtillon 
arrested,gearresteer 
consider,oorweeg 
pacepoil,passepoil 
Chinese,chinese 
proclaim,verkondig 
notify,inlig 
wounded,gewond 
bottle,bottel 
socialist,sosialistiese 
memories,herinneringe 
Innsbruck,innsbruck 
link,linkmann 
mononoke,mononoke 
ocean,oseaan 
mossad,mossad 
genl,genl 
jurgen,jurgen 
foreign,buitelandse 
heavenly,hemelsnaam 
bar,kroeg 
sebastian,sebastian 
kaiser,kaiser 
stood up,opgestaan 
pyramids,piramides 
ability,vermoë 
Maren,maren 
divorced,geskei 
Cornelis,cornelis 
rare,raar 
london,london 
plant,plant 
mission,missie 
toast,heildronk 
inherit,erflating 
comfortable,gemaklik 
gifted,begaafd 
praise,loof 
unit,eenheid 
shallow,vlak 
joe,joe 
concert,konsert 
stomach,maag 
joined,aangesluit 
reputation,reputasie 
replace,vervang 
cruel,wreed 
Amsterdam,amsterdam 
lara,lara 
frenzy,waansin 
lips,lippe 
statement,verklaring 
toilet,toilet 
beard,baard 
aurora,aurora 
mars,mars 
fantastic,fantasties 
adapt,aanpas 
indeed,inderdaad 
empty,leë 
currently,tans 
show,vertoon 
beats,slae 
dinner,aandete 
persons,persone 
fountain,fontein 
theory,teorie 
faces,gesigte 
funeral,begrafnis 
saskia,saskia 
students,studente 
medal,medalje 
report,rapporteer 
Hansi,hansi 
kaspar,kaspar 
Lord,lord 
salt,sout 
weigh,weeg 
cancelled,gekanselleer 
daily,daagliks 
high school,hoërskool 
burnt,gebrand 
die,sterwe 
smarter,slimmer 
teach,onderrig 
newest,nuutste 
sabine,sabine 
western,westerse 
accused,beskuldigde 
half -hour,halfuur 
pants,broek 
body,lyf 
smaller,kleiner 
safe,veilige 
martha,martha 
guess,raai 
madeleine,madeleine 
rope,tou 
aviv,aviv 
sister,sussie 
contrary,teendeel 
charm,sjarme 
remarkable,merkwaardig 
Hendrickje,hendrickje 
planet,planeet 
conspiracy,sameswering 
imprisoned,gevange 
hidden,weggesteek 
jethro,jethro 
eternity,ewigheid 
Christa-Maria,christa-maria 
prayers,gebede 
together,tesame 
party,partytjie 
shower,stort 
advice,advies 
cello,tjello 
audition,oudisie 
serge,serge 
best,bes 
life,life 
good,good 
anniversary,herdenking 
avenge,wreek 
sister,sus 
couple,paartjie 
secnav,secnav 
impression,indruk 
am,am 
revolution,revolusie 
tonight,vannag 
jojo,jojo 
senator,senator 
Hugues,hugues 
jarvis,jarvis 
ghosts,spoke 
chapter,hoofstuk 
misery,ellende 
worst,slegste 
character,karakter 
laughter,gelag 
force,dwing 
leak,lek 
crowd,skare 
embrace,omhels 
prost,prost 
works,werke 
whole,geheel 
remain,oorbly 
blanket,kombers 
pieces,stukke 
placed,geplaas 
Vogelhuber,vogelhuber 
crackow,krakow 
product,produk 
hence,voortaan 
ages,eeue 
attempts,pogings 
presence,teenwoordigheid 
at,at 
burned,verbrand 
fat,vet 
stein,stein 
support,ondersteun 
signal,sein 
created,geskep 
priest,priester 
retain,behou 
offer,aanbod 
association,vereniging 
give up,opgee 
sweep,vee 
absence,afwesigheid 
free,bevry 
lack,gebrek 
arles,arles 
stone,klip 
march,marsjeer 
ideas,idees 
seduce,verlei 
criminal,kriminele 
pieces,stukkies 
nurse,verpleegster 
point,rig 
themselves,hulleself 
accompany,begelei 
weekend,naweek 
generate,opwek 
Acquire,bekom 
refer,verwys 
tonight,vannaand 
seldom,selde 
Mobile,selfoon 
lois,lois 
noise,lawaai 
yakul,yakul 
confuse,verwar 
wood,hout 
visitor,besoeker 
answer,beantwoord 
report,raporteer 
misunderstanding,misverstand 
Possenhofen,possenhofen 
provide,voorsien 
brigitte,brigitte 
moon,maan 
Cornelia,cornelia 
go through,deurgaan 
record,rekord 
system,stelsel 
beautiful,beeldskone 
concentrate,konsentreer 
führer,führer 
low,laag 
hall,saal 
cut,gesny 
drive,dryf 
zoë,zoë 
prison,gevangenis 
chair,stoel 
marks,punte 
note,nota 
charming,sjarmant 
famous,beroemd 
publish,publiseer 
knights,ridders 
pigeon,duifie 
nonsense,onsin 
others,andere 
pursue,agtervolg 
ah,ah 
attacked,aangeval 
on the contrary,inteendeel 
guarantee,waarborg 
Philips,filips 
holy,heilig 
issue,kwessie 
hit,tref 
park,park 
library,biblioteek 
passion,passie 
that,has 
xavertjie,xavertjie 
flat,plat 
listen,geluister 
shock,skok 
betrayal,verraad 
lene,lene 
shirt,hemp 
patient,pasiënt 
defeat,verslaan 
withstand,weerstaan 
hurt,beseer 
Moscow,moskou 
interest,belangstelling 
groin,liesl 
this afternoon,vanmiddag 
arrest,arres 
lamb,lam 
seed,saad 
commend,aanbeveel 
love,liefhê 
hinder,verhoed 
tübingen,tübingen 
upload,oplaai 
special,spesiaal 
kindness,goedheid 
geese,ganse 
opened,oopgemaak 
supply,verskaf 
glory,glorie 
barbarians,barbare 
market,markin 
nobles,edeles 
thief,dief 
fact,feit 
hm,hm 
rules,rëels 
musician,musikant 
rehearsal,repetisie 
knitfiel,breydel 
emotions,emosies 
text,teks 
desperate,desperaat 
doll,pop 
wide,wye 
certainty,sekerheid 
colours,kleure 
officers,offisiere 
visitors,besoekers 
crazy,gekke 
smell,reuk 
addressed,gespreek 
definitely,defnitief 
agree,saamstem 
beautiful,mooie 
rise,opstaan 
obligated,verplig 
appetit,appetit 
salvation,saligheid 
despite,spyte 
offer,aangebied 
one of these days,eersdaags 
thorough,deeglik 
released,vrygelaat 
keys,sleutels 
companies,maatskappye 
servants,bediendes 
miss,verpes 
prepare,berei 
ai,ai 
stranger,vreemdeling 
triangle,driehoek 
tinette,tinette 
order,bestel 
potatoes,aartappels 
professional,professionele 
sight,sig 
katja,katja 
Carl-Ludwig,carl-ludwig 
facts,feite 
cake,koek 
airport,lughawe 
respond,reageer 
beyond,anderkant 
give,verleen 
results,resultate 
first,eerstens 
forward,voorwaarts 
disgust,walg 
taste,proe 
backpack,rugsak 
duck,duck 
bleed,bloei 
statue,standbeeld 
well,nouja 
parties,partye 
devoted,gewy 
bucket,emmer 
search,deursoek 
shirtf,hempf 
sofie,sofie 
decline,daal 
herself,haarself 
guns,gewere 
stone,steen 
page,bladsy 
eat,dete 
machine,machteld 
healthy,gesonde 
argue,stry 
renoir,renoir 
bacon,spek 
woman,vroutjie 
shield,skild 
opera,opera 
postpone,uitstel 
flesh,vlees 
walters,walters 
woe,wee 
stay,verblyf 
East,oos 
cool,koel 
style,styl 
support,steun 
Nazi,nazi 
anxiety,angs 
only,bloot 
myself,ekself 
holes,gate 
conservatorium,konserwatorium 
temporary,tydelik 
terrify,verskrik 
Detective,speurder 
broke,stukkend 
ga,ga 
correct,korrek 
slivovitz,slivovitz 
round,vabond 
deficit,tekort 
double,dubbel 
hit,getref 
Bamberg,bamberg 
model,model 
bucks,bokke 
calb,kalb 
twelve,twaalf 
pick up,optel 
district,wyk 
shouted,geskree 
Flemish,vlaamse 
organize,organiseer 
breast,bors 
greeted,gegroet 
hi,hi 
carriage,koetsier 
illusion,illusie 
race,ras 
Hungarian,hongaar 
nod,knik 
apparently,blykbaar 
seaburger,seeburger 
Nilsson,nilsson 
once,eenkeer 
bankrupt,bankrot 
themselves,hulself 
False,vals 
browse,snuffel 
fill,vul 
comical,komies 
loss,verlies 
come with,saamkom 
successful,suksesvol 
obtain,verkry 
terrific,geweldig 
authority,gesag 
beaulieu,beaulieu 
hungarates,hongare 
pigeons,duiwe 
lap,skoot 
auvers,auvers 
fugitive,vlugteling 
fix,regmaak 
enter,ingekom 
Hungarian,hongaars 
ate,geëet 
wealth,rykdom 
summon,ontbied 
dead,dead 
report,berig 
equally,ewe 
voices,stemme 
if,if 
stiff,styf 
can,can 
discard,weggegooi 
nasty,nare 
on top,bo-op 
sequence,penning 
mission,sending 
develop,ontwikkel 
neighbor,buurman 
subject,onderwerp 
dedication,toewyding 
apart,uitmekaar 
pure,suiwer 
mendel,mendel 
Carlo,carlo 
mariechen,mariechen 
cursed,vervloekte 
receipt,ontvangs 
collaborate,saamwerk 
require,verg 
general,algemene 
medical,mediese 
miss,miss 
particular,besondere 
orphan,weeskind 
dressed,aangetrek 
accuse,beskuldig 
disturb,gesteur 
record,opneem 
Delbecq,delbecq 
nitto,nitto 
profile,profiel 
doctor,doctor 
sound,weerklink 
spiegel,spiegel 
Thank,thank 
citizen,burger 
student,student 
definition,defensie 
groom,bruidegom 
wondered,gewonder 
pig,vark 
Identify,identifiseer 
sentences,sinne 
lounge,sitkamer 
not,not 
smallest,kleinste 
handiwork,handewerk 
musicians,musikante 
seeing,siende 
okay,okay 
roomy,ruim 
honey,honecker 
Kroger,kroger 
south,suid 
room attendant,kamerbediende 
strategy,strategie 
informer,informant 
mulatschak,mulatschak 
admirers,bewonderaars 
social,sosiale 
tomato,tamatie 
Isabelle,isabelle 
cruel,wrede 
recover,terugkry 
ugly,lelik 
adieu,adieu 
scratch,krap 
shoulder,skouer 
mostly,meestal 
suffer,leed 
mademoiselle,mademoiselle 
coming,koms 
terrible,vreeslike 
play,toneelstuk 
annoy,lastig 
misanthrope,misanthrope 
private,privaat 
stare,staar 
camp,kamp 
biscuit,koekie 
cut off,afgesny 
appointed,aangestel 
future,toekomstige 
bricklayer,messelaar 
fourth,vierde 
conscience,gewete 
tail,stert 
handwriting,handskrif 
Sandra,sandra 
delegate,afgevaardigde 
size,grote 
permission,toestemming 
valley,dal 
eli,eli 
awful,aaklige 
exhausted,uitgeput 
figure,figuur 
hero,held 
storm,storm 
culture,kultuur 
liquor,drank 
cotillion,cotillion 
payment,betaling 
kettle,katelijne 
horrible,aaklig 
fate,noodlot 
longing,verlange 
cigarettes,sigarette 
rosalinde,rosalinde 
division,divisie 
bitch,teef 
burden,belas 
hats,hoede 
hit,geslaan 
brilliant,briljant 
gray,grys 
instrument,instrument 
overhand,oorhand 
schwenves,schwenke 
ordinary,gewoon 
prompt,spoedig 
gesture,gebaar 
coffin,kis 
jsoc,jsoc 
pen,pen 
gun,gun 
negotiate,onderhandel 
rise,styg 
studio,ateljee 
finland,finland 
heads,koppe 
flinc,flinck 
drunk,dronk 
Swedish,sweedse 
hague,haag 
fields,velde 
study,studeerkamer 
copy,kopie 
anybody,enigiemand 
guide,gids 
rice,rys 
bowl,bak 
starboard,stuurboord 
excite,gaande 
wig,pruik 
present,present 
pages,bladsye 
password,wagwoord 
colleagues,kollegas 
Gwijde,gwijde 
stones,klippe 
hunter,jagter 
science,wetenskap 
this morning,vanmore 
interests,belange 
organization,organisasie 
fine,fyn 
bridge,brugge 
beneath,ondertoe 
modern,moderne 
mallard,mallard 
waves,golwe 
reach,reik 
steps,stappe 
Adam,adam 
tobias,tobias 
seems,blyk 
antoinette,antoinette 
Swiss,switserse 
port,hawe 
former,voormalige 
women,vrouens 
present,teenwoordig 
fornell,fornell 
files,lêers 
Pieter,pieter 
bread,broodjies 
those,diegene 
tulip,tulp 
creature,kreatuur 
deer,takbok 
formed,gevorm 
so -called,sogenaamde 
details,besonderhede 
sailor,matroos 
treasure,skatjie 
unreasonable,onredelik 
concerned,besorgd 
cooperation,samewerking 
measure,meet 
insist,aandring 
join,aansluit 
era,era 
orphan,weesheer 
kick,skop 
witch,heks 
owe,verskuldig 
mario,mario 
gachet,gachet 
Stephanie,stephanie 
quarrel,rusie 
maupassant,maupassant 
hung,gehang 
republic,republiek 
nicolas,nicolas 
slak,lakme 
signs,tekens 
upwards,boontoe 
end,beëindig 
signature,handtekening 
desire,lus 
throne,troon 
arnaud,arnaud 
ban,verbanning 
wake,wek 
century,eeu 
reach,bykom 
more cheerful,vroliker 
Pharaoh,farao 
testify,getuig 
cover,bedek 
cup,koppie 
explode,ontplof 
advance,voorskot 
procedure,prosedure 
criminal,krimineel 
Pharaos,faraos 
cheat,verneuk 
ropes,toue 
capture,opvang 
pour,skink 
coward,lafaard 
sacrifice,opoffering 
notary,notaris 
forests,woude 
constantly,heeltyd 
interesting,interesant 
wings,vlerke 
prepared,voorbereid 
madhouse,malhuis 
considering,aangesien 
imagination,verbeelding 
but,but 
radios,radios 
gratitude,dankbaarheid 
gun,geweer 
brain,breena 
pentagon,pentagon 
fort,fort 
execution,uitvoering 
mean,meen 
headquarters,hoofkwartier 
end,be-eindig 
uh,uh 
statement,stelling 
mood,bui 
study,studie 
uniform,uniform 
if,indien 
computers,rekenaars 
world,wereld 
cash,kontant 
interrogate,ondervra 
circle,sirkel 
pregnant,swanger 
keep quiet,stilbly 
poison,gif 
dry,droog 
Euros,euros 
bells,klokke 
tender,tere 
you.,u. 
loved ones,geliefdes 
both,altwee 
wiedemann,wiedemann 
bird,voël 
gypsumers,sigeuners 
influence,invloed 
Hunchback,boggel 
collection,versameling 
tension,spanning 
coward,laf 
Catholic,katolieke 
piano,klavier 
plow,ploeg 
victor,viktor 
appear,voorskyn 
excuse me,ekskuus 
build up,opbou 
scientist,wetenskaplike 
sport,sport 
cap,kap 
classic,klassieke 
assign,opgedra 
struggle,sukkel 
grubitz,grubitz 
prevent,voorkom 
lonla,lonla 
openly,openlik 
clinic,kliniek 
production,produksie 
shocked,geskok 
acceptable,aanvaarbaar 
neighbors,bure 
pippo,pippo 
one,enetjie 
boniface,boniface 
gilbert,gilbert 
orlofsky,orlofsky 
danced,gedans 
Agree,ooreen 
fashion,mode 
result,resultaat 
vasectomy,vasektomie 
wreck,wrak 
exaggeration,oordryf 
Falke,falke 
tube,buis 
invite,uitnooi 
accompany,vergesel 
cursed,vervloek 
tease,terg 
hop,hop 
drinks,drankies 
hidden,versteek 
naughty,stout 
willing,gewillig 
go,go 
pipes,pype 
homework,huiswerk 
report,rapport 
slide,gly 
lenin,lenin 
bitter,bitter 
cms,cms 
ideal,ideaal 
eugene,eugene 
resistance,weerstand 
prof,prof 
ile,ile 
right,ré 
washed,gewas 
performance,vertoning 
lover,minnaar 
beer,biertjie 
decent,ordentlike 
Christine,christine 
privilege,voorreg 
pray,gebid 
address,toespraak 
competition,kompetisie 
announcement,aankondiging 
machine,masjien 
enlarge,vergroot 
lids,deksels 
recorded,opgeneem 
thumb,duim 
superman,superman 
document,dokument 
burski,burski 
adjacent,langsaan 
continually,aanhoudend 
can,blik 
background,agtergrond 
babble,babbel 
healing,geneser 
wander,dwaal 
inside out,agterste 
hill,heuwel 
Hanka,hanka 
lost,kwyt 
km,km 
creation,skepping 
papers,papiere 
leaves,blare 
spread,versprei 
happier,gelukkiger 
#VALUE!,#VALUE!
dig,grawe 
cupid,kupido 
tape,band 
process,verwerk 
die,vrek 
und,und 
drink,drinke 
story,verhaal 
wise,wyse 
Thunder,donder 
Schafberg-mal,schafberg-alm 
think,oordink 
suitable,geskik 
comrak,comrak 
creevy,creevy 
view,uitsig 
attitude,houding 
spring,spruit 
mariner,marinier 
maintenance,onderhoud 
yseult,yseult 
donkey,donkie 
hanna,hanna 
climb,geklim 
dawn,dagbreek 
together,aanmekaar 
goodbye,goodbye 
ari,ari 
tremble,bewe 
eject,uitgooi 
newspapers,koerante 
nights,nagte 
leave,uitlos 
chief,hoofman 
otto,otto 
flow,vloei 
vacate,ontruim 
mayor,burgemeester 
boucard,boucard 
resent,verwyt 
rag,lap 
mum,mam 
living,lewende 
shake,skud 
attempt,poging 
real,eg 
plus,plus 
Mathilde,mathilde 
chain,ketting 
dealt with,afgehandel 
break,verbreek 
go,goût 
telegraph office,telegraafkantoor 
attract,lok 
chacun,chacun 
fondle,vondel 
town hall,stadsaal 
fiery,vurige 
crowns,krone 
beggar,bedelaar 
floor,vlaminge 
marthe,marthe 
divide,verdeel 
clouds,wolke 
sway,wieg 
windows,vensters 
gathering,byeenkoms 
intelligent,intelligent 
renard,renard 
Italian,italianer 
intricate,ingewikkeld 
second,sekonde 
pleasant,aangename 
shots,skote 
built,opgebou 
whisper,fluister 
himself,hyself 
spouse,gade 
New Year,nuwejaar 
failed,mislukte 
uprising,opstand 
torment,pynig 
hopefully,hopelik 
duties,pligte 
sinner,sondaar 
seat,sitplek 
sacrifice,offer 
beautiful,beeldskoon 
spoon,lepel 
horse riding,perdry 
showed,getoon 
thunder,thunder 
copper,koper 
beloved,beminde 
gown,japon 
x,x 
mash,masha 
taxation,belasting 
forgiveness,vergifnis 
generation,generasie 
phantom,phantom 
doomed,verdoem 
unique,unieke 
trap,lokval 
chains,kettings 
midwife,vroedvrou 
rain,rëen 
olya,olya 
frosch,frosch 
good afternoon,goeiemiddag 
determined,bestem 
trained,opgelei 
services,dienste 
delicate,delikaat 
almighty,almagtige 
reinforcement,versterking 
rude,onbeskof 
vulgar,vulgêr 
Earth,aard 
tune,instem 
pamphlets,pamflette 
clumsy,lomp 
scandal,skandaal 
amount,bedrag 
direct,direkte 
yellow,geel 
judge,veroordeel 
citizens,burgers 
hardly,nouliks 
surrender,oorgegee 
adopted,aangeneem 
anonymous,anoniem 
Willem,willem 
conditions,voorwaardes 
object,voorwerp 
chewing gum,kougom 
trader,handelaar 
amaze,verstom 
swap,omruil 
Franzl,franzl 
Jacques,jacques 
dangerous,gevaarlike 
singer,sanger 
generous,vrygewig 
set,opstel 
bill,noot 
sire,sire 
approval,goedkeuring 
appeal,appel 
Italian,italiaanse 
poor,armsalige 
occupy,beset 
cloth,doek 
stroll,wandel 
rabrecht,robrecht 
wounds,wonde 
traitors,verraaiers 
lovers,minnaars 
cezanne,cezanne 
gardens,tuine 
gallant,galant 
narrow,smal 
predict,voorspel 
calf,kal-el 
jacket,baadjie 
withdraw,onttrek 
Buchenwald,buchenwald 
legal,wettige 
miracles,wonderwerke 
games,speletjies 
symbol,simbool 
tom,tom 
different,verskillende 
arizona,arizona 
study,bestudeer 
stubborn,hardkoppig 
obvious,vanselfsprekend 
human,menslik 
leaders,leiers 
cancel,kanselleer 
mornings,soggens 
financial,finansiële 
tear,skeur 
waiter,kelner 
melt,smelt 
infantry,infantrie 
Egyptian,egiptiese 
jo,jo 
labréde,labréde 
uncomfortable,ongemaklik 
lunch,middagete 
dumb,domkop 
emphasizes,beklemtoon 
hooth,hooth 
housing,behuising 
hardest,hardste 
ignore,ignoreer 
spy,spioeneer 
romins,romene 
affected,aangetas 
cough,hoes 
samples,monsters 
interpreted,begrepen 
reality,werklikheid 
evil,boos 
twenty,twintig 
toki,toki 
inventory,inventaris 
July,julie 
de,de 
sneak,sluip 
take over,oorneem 
pass,verbygaan 
noble,adelike 
lamp,lamp 
corpses,lyke 
Arrow,pyl 
dislocate,verplaas 
Oracle,oracle 
nordic,nordiese 
desert,woestyn 
residence,woning 
guest room,gastekamer 
data,data 
prussian,pruise 
cattle,beeste 
give up,opgegee 
polish,poets 
heartbeat,hartklop 
jokes,grappies 
insisted,aangedring 
infringe,oortree 
lungs,longe 
run away,weggeloop 
fever,koors 
marsman,marsman 
measure,maatsuyker 
online,aanlyn 
managed,reggekry 
smuggle,smokkel 
ready,klaarkom 
louse,luis 
called,genaamd 
whoma,whoa 
headache,hoofpyn 
outside,buiten 
catherine,catherine 
residents,inwoners 
which,welke 
afghan,afghaanse 
freeze,vries 
guardian,voog 
television,televisie 
source,bron 
dressed,geklee 
grown,gegroei 
spirits,geeste 
perry,perry 
balcony,balkon 
threat,bedreiging 
Friday,vrydag 
from here,hiervandaan 
rich,rykes 
interesting,interessante 
acid,suur 
ancient,antieke 
have,inhou 
bloated,opgeblaas 
julien,julien 
cost,gekos 
spit,spoeg 
extinguished,geblus 
cancer,kanker 
answers,antwoorde 
DNA,dna 
prosecute,vervolg 
grew up,grootgeword 
beach,strand 
impair,benadeel 
rubbish,rommel 
nobleman,edelman 
pushed,gedruk 
being,wese 
writers,skrywers 
operate,opereer 
not,né 
decent,ordentlik 
from,vanuit 
cabbage,kool 
shame,skaamte 
Forsman,forssman 
expose,ontbloot 
Karen,karen 
nightmare,nagmerrie 
reared,grootgemaak 
put down,neergesit 
stirring,roerend 
göring,göring 
repulsive,afstootlik 
hinder,verhinder 
well,well 
parsons,parsons 
potent,kragtig 
rolls,rolle 
night,night 
gabriel,gabriël 
inn,herberg 
bishop,biskop 
justice,geregtigheid 
chess mat,skaakmat 
seduce,hinder 
strongest,sterkste 
paint,verf 
delay,vertraag 
this morning,vanmôre 
grass,gras 
alive,lewend 
sweet,soete 
lenz,lenz 
judge,regter 
storm,bestorm 
fertilizer,kunsmis 
selfish,selfsugtig 
Wednesday,woensdag 
toy,speelding 
rehearse,repeteer 
twitch,ruk 
fruit,vrugte 
likeness,ewebeeld 
blessed,salig 
classmate,klasmaat 
destination,bestemming 
unfortunate,ongelukkige 
villains,skurke 
traveler,reiser 
sensitive,sensitiewe 
rosé,rosé 
fox,jakkals 
Sarah,sarah 
agreed,ingestem 
bore,verveel 
caught,betrap 
franklin,franklin 
ban,verban 
cheer,vrolikheid 
that,daai 
asano,asano 
family court,familiehof 
season,vaak 
luba,luba 
Murray,murray 
earthly,aardse 
jiko,jiko 
stingy,suinig 
solved,opgelos 
care,omsien 
interested,belangstel 
US,us 
liar,leuenaar 
smother,versmoor 
hurt,seergemaak 
really,sowaar 
typewriter,tikmasjien 
pound,pond 
hysterical,histeries 
laptop,laptop 
yuan,yuan 
deeds,dade 
sister,chou 
relations,verhoudinge 
since then,sedertdien 
slap,klap 
Israel,israel 
envy,beny 
serious,ernstige 
shadow,skadu 
cesca,cesca 
HGW,hgw 
credentials,geloofsbriewe 
wolfgang,wolfgang 
radar,radar 
assault,aanslag 
adult,volwasse 
tomatoes,tamaties 
distress,nood 
chaos,chaos 
arrogant,arrogant 
somewhat,ietwat 
deaf,doof 
system,sisteem 
planted,geplant 
behavior,gedrag 
liter,liter 
sharp,skerp 
demands,eise 
jenever,jenever 
thin,dun 
roughly,ongeveer 
local,plaaslike 
compromise,skik 
catastrophe,katastrofe 
event,gebeurtenis 
honesty,eerlikheid 
terrible,vreeslik 
despite,ondanks 
circle,kring 
Turks,turke 
tyrant,tiran 
unnecessary,onnodig 
star,ster 
kiss,soentjie 
virgin,maagd 
Sundays,sondae 
spaghetti,spaghetti 
knob,knebel 
napoleon,napoleon 
abuse,misbruik 
nause,naar 
representative,verteenwoordiger 
parts,dele 
by the way,terloops 
About,abeele 
skew,skeef 
tough,taai 
decaluwé,decaluwé 
derby,derby 
lecture,lesing 
rare,rare 
enormous,enorme 
strangers,vreemdelinge 
fifth,vyfde 
fall off,afgeval 
interest,interesseer 
regards,groete 
prime minister,eersteminister 
meeting,vergadering 
classes,klasse 
hostess,gasvrou 
tidy,netjies 
arrest,arresteer 
February,februarie 
körner,körner 
concerts,konserte 
experience,ervaring 
softer,sagter 
volunteers,vrywilligers 
bless,seën 
Tower,toring 
normal,normale 
fish,visse 
solo,solo 
rows,rye 
element,element 
reload,herlaai 
miracle,wonderwerk 
recede,terugtrek 
son -in -law,skoonseun 
cuckoo,koekoe 
poets,digters 
overboard,oorboord 
stupid,domme 
from,vanaf 
lock,slot 
sailors,matrose 
Norwegian,noorweegse 
worker,werker 
cap,pet 
hide,wegsteek 
flag,vlag 
wauw,wauw 
no,nr 
passed,geslaag 
sails,seile 
kievit,kievit 
application,aansoek 
start,aangevang 
torgau,torgau 
teachers,onderwysers 
ice cream,roomys 
turn over,omdraai 
way,uitweg 
technical,tegnies 
ID,id 
crack,kraak 
handkerchief,sakdoek 
swallow,sluk 
stray,rondloop 
ran away,weggehardloop 
encounter,ontmoeting 
rose,rosie 
laughingly,laggend 
mirror,spieël 
patients,pasiënte 
kitten,katjie 
pale,bleek 
families,families 
climb,opklim 
elude,ontwyk 
sadness,treurigheid 
signify,beduie 
singing,sang 
poverty,armoede 
June,junie 
apples,appels 
brought in,ingebring 
wave,waai 
utility,nut 
warmth,warmte 
shave,skeer 
sector,sektor 
identification,identifikasie 
put away,bêre 
bedroom,slaapkamer 
representation,voorstelling 
milkman,melkman 
mouse,muisie 
Natalia,natalia 
bathroom,badkamer 
final,finale 
transactions,transaksies 
meaning,betekenis 
exposed,blootgestel 
discovery,ontdekking 
act,toneelspeel 
resort,oord 
etc,ens 
Wolff,wolff 
behead,onthoof 
moreover,boonop 
clauwaerts,klauwaerts 
profession,beroep 
Cheops pyramid,cheops-piramide 
game,wild 
candles,kerse 
underground,ondergronds 
groin,lieschen 
arthur,arthur 
habit,gewoonte 
namely,naamlik 
young,jonges 
Hollister,hollister 
tidy,opruim 
tenderness,teerheid 
profession,professie 
movement,beweging 
randers,flanders 
cutlery,eetgerei 
cleaner,skoonmaakster 
note,opgelet 
mistress,meesteres 
population,bevolking 
director,regiseur 
throw away,weggooi 
tournament,toernooi 
custody,hegtenis 
rabbit,haasdonck 
Joseph,josef 
talk,praatjies 
locked up,opgesluit 
despise,verag 
invest,belê 
autumn,herfs 
ring,gelui 
furniture,meubels 
customers,klante 
dry,droë 
judge,beoordeel 
well -controlled,goedbeheerste 
communication,kommunikasie 
Benham,benham 
throats,kele 
course,koers 
technology,tegnologie 
disgust,afsku 
frightening,skrikwekkende 
silly,verspot 
gerard,gerard 
hermann,hermann 
lies,leuens 
disappointed,teleurgesteld 
infect,aansteek 
stoffels,stoffels 
Mannheimer,mannheimer 
flute,fluit 
honored,ge-eerde 
discharge,ontslag 
dead,doodstil 
Gackkl,gackl 
more comfortable,gemakliker 
ripped,geskeur 
agency,agentskap 
turned,gedraai 
pirjo,pirjo 
bottom,bodem 
Frenchman,fransman 
highly,hoogs 
deeper,dieper 
ax,byl 
bet,weddenskap 
chew,kou 
Norway,noorweë 
cellars,kelders 
mother -in -law,skoonma 
alarm,alarm 
threaten,dreig 
neutrality,neutraliteit 
permanent,permanente 
add,voeg 
Jewish,joodse 
cover,dekking 
corbin,corbin 
edges,kante 
auschwitz,auschwitz 
hut,hut 
methods,metodes 
worse,slegter 
chagrin,chagrin 
packed,gepak 
expression,uitdrukking 
solitary,eensaam 
brother,broertjie 
images,beelde 
time,tydjie 
industry,bedryf 
description,beskrywing 
companion,metgesel 
spyware,spyware 
thrown,uitgegooi 
sweetest,soetste 
#VALUE!,#VALUE!
innocence,onskuld 
dove,duif 
puppy,hondjie 
strengthen,versterk 
mama,mama 
surprises,verrassings 
overwhelm,oorweldig 
granted,toegestaan 
Washington,washington 
life time,leeftyd 
educated,opgevoed 
unknown,onbekend 
charming,sjarmante 
experience,ondervinding 
spend,deurbring 
sugar,suiker 
front door,voordeur 
immediately,onmiddellik 
oronte,oronte 
families,gesinne 
country brake,landremont 
kitchen girl,kombuismeisie 
cordial,hartlik 
civilization,beskaafdheid 
villa,villa 
depend,staatmaak 
possible,moontlike 
interference,inmenging 
married,getroude 
cared for,gesorg 
shoemaker,skoenmaker 
Heinrich,heinrich 
querrec,querrec 
mouton,mouton 
originally,oorspronklik 
vandals,vandale 
loaded,gelaai 
walls,mure 
defense,verdorie 
extreme,uiterste 
picked up,opgetel 
dissapoint,teleurstel 
slut,slet 
tactics,taktiek 
prevail,heers 
twice,tweemaal 
anti,anti 
monsour,monseur 
cameras,kameras 
honorable,eerbaar 
official,offisiële 
joke,grappie 
honor,ere 
contagious,aansteeklik 
painful,pynlike 
thy,thy 
act,omgaan 
isolation,isolasie 
panic,paniek 
telegram,telegram 
Western Germany,wes-duitsland 
transfer,oordoen 
traditional,tradisionele 
court case,hofsaak 
taken away,weggeneem 
noise,raas 
dumb,stom 
herbs,kruie 
retire,uittree 
glatzentrost,glatzentrost 
left behind,agtergelaat 
Miguel,miguel 
kilos,kilos 
announce,aankondig 
Australia,australië 
experience,ondervind 
male,mannetjie 
without,daarsonder 
rumors,gerugte 
Salzkammergut,salzkammergut 
interfer,bemoei 
remy,remy 
nervous,senuweeagtig 
actrical,aktriese 
battles,gevegte 
pretend,voorgee 
strickland,strickland 
improvement school,verbeteringskool 
celebrated,gevier 
compliments,komplimente 
adoption,aanneming 
invitation,uitnodiging 
intelligence,intelligensie 
pepperl,pepperl 
standard,standaard 
experienced,ervare 
from,from 
Christ,christ 
Greece,griekeland 
female,wyfie 
incident,voorval 
prey,prooi 
rocks,rotse 
happiest,gelukkigste 
complete,volledig 
titta,titta 
natural,natuurlike 
March,maart 
dumplings,kluitjies 
closely,noukeurig 
possibility,moontlikheid 
solve,oplos 
away,away 
transfer,oordra 
hu,hu 
victims,slagoffers 
Heilsberg,heilsberg 
streets,strate 
fine,boete 
this,this 
marked,gemerk 
mothers,moeders 
counted,getelegrafeer 
samurai,samurai 
west,wes 
look,look 
historical,historiese 
muck,vuilgoed 
gerd,gerd 
arrive,arriveer 
whale,walvis 
positions,posisies 
calatsch,kalatsch 
worries,sorge 
luggage,baggasie 
sounds,klanke 
rime,romeense 
came over,oorgekom 
early,vroeë 
found,opgespoor 
koroku,koroku 
fuel,brandstof 
gateway,poort 
brilliant,briljante 
fast,vinnige 
excluded,uitgesluit 
nourish,voed 
helpless,hulpeloos 
squint,skeel 
Russian,russies 
stroke,streel 
education,onderwys 
infringement,oortreding 
inspection,inspeksie 
hunters,jagters 
walt,wals 
tragic,tragiese 
attend,bywoon 
ton,ton 
chickens,hoenders 
peek,loer 
nervous,senuagtig 
Euro,euro 
Monday,maandag 
up,up 
restaurant,restaurant 
number,aantal 
election,verkiesing 
imprison,opsluit 
incident,insident 
outbreak,uitbreek 
lenny,lenny 
Holrio,holdrio 
weiss,weiss 
chicken,hoender 
tickets,kaartjies 
August,augustus 
program,program 
choices,keuses 
dinner,etenstyd 
swan,swaan 
moreno,moreno 
drama,drama 
irritate,irriteer 
look,pryk 
withdrawn,teruggetrokke 
grandchildren,kleinkinders 
trauma,trauma 
treatment,behandeling 
accident,verongeluk 
scab,roof 
kansas,kansas 
construction,konstruksie 
breath,adem 
frankfurt,frankfurt 
motive,motief 
notice,agterkom 
flavor,geur 
stiff,stief 
intimate,intieme 
plead,pleit 
alpöhi,alpöhi 
dresses,rokke 
exclusive,eksklusief 
department,departement 
valence,valence 
tank,tenk 
contempt,minagting 
skins,velle 
curiosity,nuuskierigheid 
jewel,juweel 
virginie,virginie 
will,testament 
descend,afkom 
Belgium,belgië 
Meynard,meynard 
shear,skerwe 
exception,uitsondering 
bog,bog 
explosive,plofstof 
opportunities,geleenthede 
shared,gedeel 
quite,heeltemaal 
master,meiereder 
permission,permissie 
brotherhood,brotherhood 
spend,bestee 
congratulate,gelukwens 
c,c 
picture,prent 
spontaneous,spontaan 
dumb,simpel 
compound,verbinding 
nikolai,nikolai 
excellent,voortreflike 
pillow,kussing 
stink,stank 
gentle-crossing,sag-ruisend 
rotten,verrotte 
behind,agterkant 
e,e 
doll,poppie 
there,there 
prime,prima 
autism,outisme 
Chris,chris 
rather,eerder 
loan,loon 
completed,voldoen 
January,januarie 
sow,saai 
federal,federale 
rural,plattelandse 
petrol,petrol 
community,gemeenskap 
Benjamin,benjamin 
seal,robbins 
passport,paspoort 
done,gedaan 
literally,letterlik 
hey,hey 
only,only 
over,over 
crazy,dol 
suspect,verdink 
bennie,bennie 
the Netherlands,nederland 
c-,c- 
from it,daaruit 
fizz,bruis 
goals,doelwitte 
brother,boet 
film,verfilm 
daughter -in -law,skoondogter 
stepy,stiefie 
death certificate,doodsertifikaat 
Dear,geagte 
foaming,skuimende 
loud,luid 
pasture,weiveld 
try,probie 
every time,telkens 
elevated,verhewe 
then,then 
again,weldra 
decreased,afgeneem 
im,im 
soon,binnekort 
depth,diepte 
kilometers,kilometers 
view,bekyk 
Hendrik,hendrik 
release,loslaat 
medication,medikasie 
incidents,gevalle 
literature,literatuur 
harder,moeiliker 
female,vroulike 
robbers,rowers 
nonsense,nonsens 
texting,sms 
cigarette,sigaret 
Nadira,nadira 
noble,adelikes 
fed,gevoer 
servant,dienaar 
skull,skedel 
aunt,tannie 
mouse,muis 
nobility,adel 
pathetic,pateties 
Helena,helena 
claudette,claudette 
kent,kent 
by itself,vanself 
calculate,bereken 
core,kern 
Americans,amerikaners 
instructions,instruksies 
climate,klimaat 
move,oorgaan 
precondition,voorwaarde 
Johann,johann 
quicker,gouer 
father -in -law,skoonpa 
Netherlands,nederlande 
pictures,prente 
look,voorkoms 
agreed,afgespreek 
heart broken,hartseer 
upper,boonste 
image,beeld 
angers,angers 
repaired,reggemaak 
announced,aangekondig 
complete,afhandel 
maintain,onderhou 
kings,konings 
madman,malman 
frightened,skrikgemaak 
locked,toegesluit 
gödöllö,gödöllö 
studio,studio 
strangle,verwurg 
security police,veiligheidspolisie 
legion,legioen 
boots,stewels 
tolerate,duld 
disgrace,onteer 
principal,aanvoerder 
complained,gekla 
traitor,verraaier 
Leonid,leonid 
six,six 
make,make 
adjourn,verdaag 
take off,afhaal 
package,pakkie 
uncertain,onseker 
strive,streef 
helmet,helm 
inspire,inspireer 
recipe,resep 
sigh,sugte 
wheel,wiel 
corporal,korporaal 
ravoux,ravoux 
profit,wins 
captive,vasgevang 
glide,sweef 
trumpet player,trompetspeler 
kidnapped,ontvoer 
threaten,gedreig 
speed,spoed 
produce,voortbring 
madeira,madeira 
chaplain,kapelaan 
song,liedjie 
sever,afsny 
claw,klou 
luxury,luukse 
depend,afhang 
argument,argument 
heroes,helde 
lyons,lyons 
wolzogen,wolzogen 
exciting,opwindend 
corfu,corfu 
buttocks,boude 
for that,daartoe 
expressed,uitgedruk 
Athens,athene 
inspiration,inspirasie 
united,verenig 
ravage,verniel 
killers,moordenaars 
Hamilton,hamilton 
public,publieke 
innkeeper,herbergier 
hans,hans 
ancestors,voorvaders 
toothache,tandpyn 
period,tydperk 
embarrassment,verleentheid 
keep,verwyl 
crisis,krisis 
noble,adellike 
nobles,adellikes 
acknowledgment,erkenning 
glasses,glase 
workroom,werkkamer 
first -class,eersteklas 
dulcamara,dulcamara 
members,lede 
slogan,slagspreuk 
actress,aktrise 
exceptional,uitsonderlik 
south,suide 
Janek,janek 
cells,selle 
doubt,betwyfel 
region,streek 
humble,nederige 
honor,erewoord 
enchanting,betowerend 
endure,uithou 
dentist,tandarts 
drunk,besope 
numbers,getalle 
ink,ink 
planet,planet 
driven,gedryf 
game,speletjie 
kisses,soene 
neat,netjiese 
messenger,boodskapper 
models,modelle 
approximate,benader 
cannon,kanon 
armed,bewapen 
adopt,aanneem 
diplomacy,diplomasie 
cleaned,skoongemaak 
disposal,beskikking 
orphanages,weeshuise 
safer,veiliger 
masterpiece,meesterstuk 
end,tooi 
leyla,leyla 
capital,hoofstad 
finish,klaarkry 
grin,grinnik 
disbelief,ongeloof 
fluorine acid,fluoorsuur 
vegetables,groente 
enter,ingegaan 
broken,gebreekte 
spots,kolle 
accommodate,bevat 
dedicated,toegewyd 
rotten,verrot 
reading,voorlees 
acted,opgetree 
glasses,bril 
rejoice,verbly 
suddenly,skielike 
toes,tone 
absolute,absolute 
fierce,heftig 
slightest,geringste 
good,goeddoen 
consuming,verterende 
crew,bemanning 
rinse,spoel 
refugees,vlugtelinge 
suspect,verdagte 
edge,rand 
amateur,amateur 
crossed,gekruis 
larry,larry 
characters,karakters 
stolen,gesteelde 
entrance,ingang 
December,remember 
selfishness,selfsugtigheid 
vulnerable,kwesbaar 
discretion,diskresie 
better,better 
battlefield,slagveld 
inspector,inspekteur 
flick,flik 
guard,skerm 
old age,oudag 
reflect,nadink 
extraordinary,buitengewone 
brothel,bordeel 
sorry,sorry 
identified,geïdentifiseer 
again,again 
vary,wissel 
expel,verdryf 
cabin,kaboel 
ditch,sloot 
sip,slukkie 
wish,toewens 
knowledge,kenneth 
stripes,strepe 
Hank,hank 
incorporate,ingee 
evoked,opgeroep 
looked after,opgepas 
ascend,opstyg 
landing,landing 
rolf,rolf 
zinc,sink 
titanic,titanic 
trixie,trixie 
underworld,onderwêreld 
clipman,clipman 
OFF,off 
exam,eksamen 
Stadium,stadium 
delivered,gelewer 
flying,vliëende 
use,behulp 
kilo,kilo 
illegal,onwettige 
Heinrich-Heine Street,heinrich-heine-straat 
e,ste 
should,should 
traps,strikke 
male,manlike 
accompaniment,begeleiding 
jelly,jellie 
Spanish,spaanse 
firmament,firmament 
motel,motel 
found,afgekom 
bach,bach 
freer,vryer 
breeze,brëe 
view,siening 
du,du 
orders,bestellings 
renatka,renatka 
minimum,minimum 
approved,goedgekeur 
sunrise,sonsopkoms 
Committee,kommitee 
terrorism,terrorisme 
your fat,jouvet 
lovely,lieflikste 
excellent,voortreflik 
walking stick,kierie 
pupil,leerling 
playground,speelgrond 
thrive,floreer 
re,re 
monkey,apie 
ferret,fret 
back cover,rugdekking 
chops,cheops 
Wallersee,wallersee 
stonehenge,stonehenge 
typed,getik 
tenth,tiende 
erected,opgerig 
sonata,sonata 
tannor,tanneur 
alps,alpe 
gent,gent 
unforgivable,onvergeeflik 
open air,opelugmis 
staff,beman 
scream,gegil 
ice,ys 
ministry,ministerie 
from,afkomstig 
arrived,gearriveer 
illnesses,siektes 
dessert,nagereg 
slip,glip 
journal,joernaal 
young men,jongmanne 
thanked,gedank 
sweat,sweet 
Rottenmeier,rottenmeier 
winner,wenner 
site,werf 
fool,dwase 
ingest,ingeneem 
compromise,kompromis 
aim,mik 
Martha,marta 
rivers,riviere 
knee,knie 
benefactor,weldoener 
hymn,psalm 
support,ondersteuning 
grow up,grootword 
glossy,glaeske 
introduce,inbring 
aspect,aspek 
economic,ekonomiese 
jet,straal 
overload,oorlaai 
said,gese 
tractor,trekker 
home,tuiste 
same,selfde 
decorate,versier 
communism,kommunisme 
elements,elemente 
stable,stal 
BC,vc 
slow,stadige 
priests,priesters 
unfaithful,ontrou 
weaker,swakker 
pitter,bejammer 
sue,dagvaar 
piles,hope 
Christian,christen 
conquer,oorwin 
senses,sintuie 
shake,geskud 
aurier,aurier 
suspended,geskors 
vlissingen,vlissingen 
victories,oorwinnings 
waste,verspil 
minister,dominee 
query,navraag 
sit down,aansit 
stubborn,koppig 
hymn,lofgesang 
occupy,beklee 
used,gebruikte 
so-not,so-nie 
erich,erich 
adults,grootmense 
truths,waarhede 
best fever,bestevaer 
naive,naïf 
recovery,genesing 
differences,verskille 
reconcile,versoen 
mud,modder 
contents,inhoud 
watched,dopgehou 
conversations,gesprekke 
augment,vermeerder 
filled,gevul 
directions,aanwysings 
reference,getuigskrif 
respected,gerespekteer 
control,verrig 
plastic,plastiek 
poop,poepol 
bleed,gebloei 
fabritius,fabritius 
laborer,arbeider 
enchant,betower 
other way around,andersom 
goatkeeper,bokwagter 
humiliating,vernederend 
embankment,wal 
Xavier,xavier 
handed,ingegee 
moved,getrek 
immortality,onsterflikheid 
hyp,hiep 
Vineyard,wingerd 
humor,humor 
cousins,neefs 
rochelle,rochelle 
offspring,nageslag 
failure,mislukking 
posts,poste 
official,amptelik 
train,oplei 
back,back 
jawel,jawel 
brush,kwas 
provocation,provokasie 
morning,morning 
moments,momente 
responsibilities,verpligtinge 
cathy,cathy 
first,first 
orleans,orléans 
o,o 
move,verhuis 
flore,flore 
claim,aanspraak 
pump,pomp 
word,woordjie 
license,lisensie 
vessel,vaartuig 
bright,bright 
shilling,sjieling 
shaft,skobbejak 
take back,terugneem 
just now,sopas 
unpleasant,onaangename 
aha,aha 
stock,voorraad 
opinion,mening 
memoirs,memoirs 
pierway,pierway 
Save,stoor 
mcguire,mcguire 
inflammation,ontsteker 
made up,opgemaak 
opened,geopen 
huygens,huygens 
humble,nederig 
principle,beginsel 
campaign,veldtog 
bent,gebuig 
magic,magiese 
hoist,hys 
lackey,lakei 
scouts,verkenners 
gender,geslag 
Greek,grieks 
guard,garde 
pistol,pistool 
throughput,deurbreek 
focus,fokus 
herein,hierin 
silence,stilmaak 
Songs,liedjies 
front,voorste 
mainframe,mainframe 
enrolled,ingeskryf 
checked,nagegaan 
hidden,verborge 
Emmanuelle,emmanuelle 
awarded,toegeken 
benton,benton 
motherland,moederland 
possess,besete 
impressive,indrukwekkend 
one,eina 
who,who 
bird,voëltjie 
warriors,krygers 
r,r 
trustworthy,betroubare 
capable,bekwame 
down,onderkry 
disappointment,teleurstelling 
ania,ania 
wild,woeste 
divulge,verklap 
infection,ontsteking 
enthusiastic,entoesiasties 
decisions,besluite 
ascend,bestyg 
burned,afgebrand 
typical,tipies 
radiant,stralende 
Franzie,franzie 
men's clothing,mansklere 
chevalier,chevalier 
Maldives,maldives 
decipher,ontsyfer 
moved,geskuif 
laborers,arbeiders 
surrender,oorgee 
des,des 
prague,praag 
because,because 
detail,detail 
lie,luit 
machines,masjiene 
sergent,sers 
rebuild,herbou 
gabs,gabs 
dollars,dollars 
genius,genië 
motschekiebchen,motschekiebchen 
stubborn,koppige 
ii,ii 
sixth,sesde 
unpleasant,onaangenaam 
give up,afstaan 
Beijing,beijing 
grieve,treur 
left over,oorgebly 
co,mede 
Cup,beker 
crunch,kekkel 
sweet,soet 
speaking,sprake 
tour,toere 
Easter,paasfees 
smelly,stinkende 
Württemberg,württemberg 
internet,internet 
would,would 
objection,beswaar 
stabbed,gesteek 
soft,sieg 
embrace,omhelsing 
porter,porter 
prisoner,gevangene 
mistake,foutjie 
brother -in -law,swaer 
creature,skepsel 
avanti,avanti 
invitations,uitnodigings 
virtue,deugde 
republicans,republikeine 
disorder,wanorde 
loneliness,eensaamheid 
corps,korps 
reliable,betroubaar 
exuberantly,uitbundig 
battery,battery 
genius,genie 
going,going 
young,jonge 
start,aanvang 
delay,vertraging 
Walter,walter 
bashan,bashan 
nicer,lekkerder 
away,wegraak 
guidance,leiding 
shorter,korter 
weight,gewig 
twitter,twitter 
angelica,angelika 
steal,besteel 
moniks,monikke 
lice,luise 
heart attack,hartaanval 
prophet,profeet 
flames,vlamme 
states,state 
gram,gram 
handcuff,boei 
in fact,trouens 
numbers,nommers 
shown,gewys 
December,desmet 
elevate,verhef 
decades,dekades 
worked out,uitgewerk 
our,onse 
make sure,sekermaak 
part,part 
partner,vennoot 
leftovers,oorblyfsels 
end,afloop 
burn,verbrou 
centimeter,sentimeter 
client,kliënt 
melt,gesmelt 
simonnin,simonnin 
cows,koeie 
downfall,ondergang 
puppets,puppets 
machaca,machaca 
inflict,aangesteek 
arise,opkom 
hide,wegsteekplek 
approach,benadering 
shop,winkel 
committed,gepleeg 
have,hè 
approve,goedkeur 
trap,strik 
chairs,stoele 
carved,afgeknou 
camer,kamiel 
manufacture,vervaardig 
afterwards,agterna 
atlantic,atlantiese 
hup,hup 
Mr.,mnr. 
scale,skaal 
Christian,christelike 
again,nogmaals 
halt,gestaak 
becer,becker 
majority,meerderheid 
dress,jurk 
gloves,handskoene 
comfort,getroos 
sum,som 
hitmen,hitmen 
finger,vinger 
tales,verhale 
evil,boosheid 
civil war,burgeroorlog 
bogaerts,bogaerts 
EYLAU,eylau 
faith,faith 
Olympic,olimpiese 
chan,chan 
gong,gong 
sandwiches,toebroodjies 
switched,afgeskakel 
virginia,virginia 
field marshal,veldmaarskalk 
taken away,weggevat 
curtains,gordyne 
war council,krygsraad 
Secretary,sekretaresse 
cuba,kuba 
mother killer,moeder-moordenaar 
pneumonia,longontsteking 
schools,skole 
contemptible,veragtelik 
butter,botter 
egg,eier 
know,know 
exported,uitgevoer 
hotel room,hotelkamer 
challenge,uitdaging 
slain,gesneuwel 
dam,dam 
golf,golf 
ripe,ryp 
quarters,kwartiere 
fell in,ingeval 
line,linie 
perish,omgekom 
silent,swyg 
duel,tweegeveg 
along with,daarlangs 
wow,sjoe 
slaying,slanery 
reduce,verminder 
scholarship,beurs 
marathon salt,marathon-sout 
official,amptenaar 
prisoners,gevangenes 
outstanding,uitstaande 
exelence,ekselensie 
sweets,lekkergoed 
village,dorptoe 
phase,fase 
experience,ervaar 
rest,resl 
rescue,redding 
bulk,lading 
coastgate,kuswag 
Godeschal,godeschal 
nohant,nohant 
independent,onafhanklik 
terence,terence 
candidate,kandidaat 
him,him 
loyal,lojale 
whiting,whiting 
field,field 
neglect,nagelaat 
terrain,terrein 
such,sulkes 
province,provinsie 
cry,ween 
sermon,preek 
why,why 
ugly,lelike 
run,gehardloop 
centre,sentrum 
parade,parade 
return,return 
regular,gereelde 
relive,herleef 
expectant,verwagtend 
traveler,reisiger 
patient,sieke 
graves,grafte 
messages,boodskappe 
signals,seine 
find,bevind 
blur,vertroebel 
knot,knoop 
de,de 
great,grotes 
leroy,leroy 
test,beproef 
teacher,juf 
uncles,ooms 
fish,visvang 
quarter,kwart 
oats,hawer 
chad,chad 
unbearable,ondraaglik 
sew,naaldwerk 
rays,strale 
front page,voorblad 
ramirez,ramirez 
rejoice,verheugd 
branch,tak 
Hilda,hilda 
hog,varkhok 
many,heelwat 
petzmacher,petzmacher 
dead,dode 
close,dig 
authority,outoriteit 
slut,slette 
cook,cook 
published,gepubliseer 
slower,stadiger 
piss,pis 
splendor,prag 
treasures,skatte 
permanent,permanent 
kazmi,kazmi 
footer,voeter 
Dutch,nederlandse 
hide,skuil 
endless,eindelose 
chapotel,chapotel 
pause,pouse 
anita,anita 
miraculous,wonderbaar 
experiment,eksperiment 
humanity,mensheid 
fair,regverdige 
geertje,geertje 
aggravate,vererger 
principals,beginsels 
walk away,wegloop 
saint,heiliges 
back yard,agterplaas 
central,sentrale 
values,waardes 
be,saamwees 
camus,camus 
lemon,suurlemoen 
crossroad,kruispad 
sunja,sonja 
hourglass,uurglas 
seemingly,skynbaar 
günther,günther 
medicine,medisyne 
begged,gesmeek 
rheumatism,rumatiek 
genius,genialiteit 
take away,wegvat 
some,klompie 
official,offisieel 
boiled,gekook 
authorization,magtiging 
ambition,ambisie 
circus,sirkus 
dialogue,dialoog 
damage,beskadig 
bullet,koeëlkop 
b,b 
feathers,vere 
feather,veer 
stains,vlekke 
Eagle,arend 
men,manskappe 
egg,eierkop 
ham,ham 
grief,verdriet 
recite,voordra 
drop,druppel 
bitten,gebyt 
mate,mate 
asylum,gestig 
proud,trotse 
Iraq,irak 
boletus,boletus 
piperatus,piperatus 
interfere,inmeng 
adults,volwassenes 
bond,bind 
American,amerikaans 
cherries,kersies 
Middle East,midde-ooste 
complaining,klae 
occupation,besetting 
worthless,waardeloos 
spot,kol 
eager,gretig 
oak,eik 
unspeakable,onuitspreeklike 
insert,insit 
fool,dwaas 
tanglois,langlois 
sens,sens 
mistake,vergis 
square,plein 
boring,vervelige 
belcore,belcore 
torn,verskeur 
fool,sot 
sheet music,bladmusiek 
valois,valois 
speechless,sprakeloos 
Saint-Paul,saint-paul 
utilize,benut 
technique,tegniek 
explore,verken 
peaceful,vreedsaam 
tête-a-tête,tête-a-tête 
vapor,dampierre 
jealousy,jaloesie 
rear end,agterent 
newcomer,nuweling 
hung,opgehang 
shoulders,skouers 
pose,poseer 
surveys,opnames 
fluid,vloeiende 
dependent,afhanklik 
pronounce,uitspreek 
stupidity,domheid 
darker,donkerder 
coninck,coninck 
khartov,khartov 
shadow,skaduwee 
truck,vragmotor 
really,waarlik 
embrace,omarm 
cent,sent 
schumann,schumann 
claim,opeis 
iodla,jodla 
influence,beïnvloed 
scala,scala 
price,price 
heavier,swaarder 
face,aankyk 
nothing,niksnut 
love,versot 
bullet,koeël 
produce,produseer 
left side,linkerkant 
halfway,halfpad 
powerful,kragtige 
transport,vervoer 
love stories,liefdesverhale 
thrown,gegooi 
Jacob,jacob 
bonjour,bonjour 
delicious,heerliker 
audience,toeskouers 
Muskadel wine,muskadelwyn 
randy,randy 
mix,vermeng 
considerate,bedagsaam 
dissatisfied,ontevrede 
contacts,kontakte 
glorify,verheerlik 
lonely,eensame 
roll,roll 
prayer,gebed 
soccer,sokker 
pick,pluk 
real,werklike 
Switzerland,switserland 
crimes,misdade 
unexpected,onverwagte 
there,daars 
hull,romp 
glory,heerlikheid 
date,datum 
Michalak,michalak 
baptism,doop 
sins,sondes 
development,ontwikkeling 
unchanging,onveranderlik 
overwhelming,oorweldigend 
precious,waardevol 
enroll,inskryf 
estrid,estrid 
solid,soliede 
back door,agterdeur 
deploy,ontplooi 
formally,formeel 
wide,wyd 
climb,inklim 
basically,basiese 
trick,toertjie 
brutal,brutaal 
energy,energie 
tongue,tong 
temple,tempel 
songs,liedere 
pianist,pianis 
accomplish,beul 
brackets,hakies 
forehead,voorkop 
dagger,dolk 
jackie,jackie 
alert,waaksaam 
coming,komende 
tatta,tatta 
goose,gans 
barracks,barakke 
worlds,wêrelde 
cloths,lappe 
frivol,ligsinnig 
outposts,buiteposte 
turns,beurte 
worthy,waardig 
Heimat,heimat 
albin,albin 
committee,komitee 
make,uitmaak 
impotent,impotent 
noblily,edelmoedig 
lay down,neerlê 
round,ronde 
doors,deure 
yourself,jyself 
sent away,weggestuur 
Dutch,nederlanders 
locate,opspoor 
weak,swaksinnig 
delayed,vertraagde 
milan,milan 
plot,komplot 
poop rolls,poepolle 
dangers,gevare 
regiment,regiment 
meeting,vergader 
navarra,navarra 
theologian,teoloog 
Johanna,johanna 
bump,stamp 
bush,bosse 
authority,kenner 
sister,sustertjie 
file,dossier 
overseas,oorsee 
adventure,avontuur 
crystal,kristal 
squeak,piepie 
broken,gebroke 
swing,swaai 
high,hoogstens 
bounce,bons 
pronunciation,uitspraak 
sixemann,sesemann 
primitive,primitiewe 
invigorating,verkwikkend 
love drink,liefdesdrank 
berlin,berlyner 
powerful,magtigste 
served,gedien 
terrorists,terroriste 
fairy tales,sprokies 
recent,onlangse 
lire,lire 
long,lanklaas 
experienced,gebewe 
jannemics,jannemieke 
govaert,govaert 
different,verskillend 
raphaelle,raphaëlle 
ex,ex 
diary,dagboek 
lab,lab 
fired,afgedank 
sister -in -law,skoonsuster 
rogier,rogier 
karl,karl 
stone pillars,klippilare 
universe,heelal 
something,ietsie 
Henriette,henriette 
daily,daily 
colored,gekleur 
cow,koei
